pOTU,Phylodist,Niche0ver,CladeID
pOTU047_pOTU059,42,0.115548203,NN
pOTU047_pOTU049,44,0.267249438,NN
pOTU047_pOTU054,42,0.12255062,NN
pOTU047_pOTU036,48,0.537249569,NN
pOTU047_pOTU022,46,0.623429364,NN
pOTU047_pOTU005,44,0.280593656,NN
pOTU047_pOTU003,44,0.46895826,NN
pOTU047_pOTU002,42,0.591686283,NN
pOTU047_pOTU043,46,0.286020515,NN
pOTU047_pOTU046,52,0.176751887,NN
pOTU047_pOTU045,46,0.105957424,NN
pOTU047_pOTU048,42,0.065009425,NN
pOTU047_pOTU041,52,0.160947631,NN
pOTU047_pOTU044,46,0.138044355,NN
pOTU047_pOTU042,52,0.107940082,NN
pOTU047_pOTU039,46,0.140449887,NN
pOTU047_pOTU032,42,0.200939332,NN
pOTU047_pOTU038,52,0.184814753,NN
pOTU047_pOTU034,46,0.231349502,NN
pOTU047_pOTU035,46,0.157505194,NN
pOTU047_pOTU033,46,0.198823745,NN
pOTU047_pOTU029,42,0.161139761,NN
pOTU047_pOTU025,46,0.19970949,NN
pOTU047_pOTU023,42,0.133476805,NN
pOTU047_pOTU026,46,0.253329692,NN
pOTU047_pOTU028,42,0.311917889,NN
pOTU047_pOTU027,52,0.143169307,NN
pOTU047_pOTU019,44,0.251486736,NN
pOTU047_pOTU021,48,0.190771082,NN
pOTU047_pOTU018,42,0.25062044,NN
pOTU047_pOTU024,46,0.151686477,NN
pOTU047_pOTU016,42,0.14319572,NN
pOTU047_pOTU020,42,0.300755778,NN
pOTU047_pOTU017,42,0.149300431,NN
pOTU047_pOTU008,42,0.168738911,NN
pOTU047_pOTU011,42,0.149544571,NN
pOTU047_pOTU010,42,0.274258078,NN
pOTU047_pOTU051,42,0.123305115,NN
pOTU047_pOTU052,44,0.049493025,NN
pOTU047_pOTU030,48,0.206689663,NN
pOTU047_pOTU037,48,0.099096171,NN
pOTU047_pOTU040,50,0.186454176,NN
pOTU047_pOTU031,48,0.115640755,NN
pOTU047_pOTU015,48,0.107029809,NN
pOTU047_pOTU014,46,0.095093337,NN
pOTU047_pOTU012,48,0.162758817,NN
pOTU047_pOTU013,46,0.11434578,NN
pOTU047_pOTU006,46,0.033505754,NN
pOTU047_pOTU009,44,0.304355347,NN
pOTU047_pOTU007,42,0.299540094,NN
pOTU047_pOTU001,48,0.415419258,NN
pOTU059_pOTU047,42,0.115548203,NN
pOTU059_pOTU049,44,0.198829008,NN
pOTU059_pOTU036,48,0.040705797,NN
pOTU059_pOTU022,46,0.183019505,NN
pOTU059_pOTU005,44,0.321140883,NN
pOTU059_pOTU004,42,0.36066759,NN
pOTU059_pOTU003,44,0.131072516,NN
pOTU059_pOTU043,46,0.324481692,NN
pOTU059_pOTU046,52,0.221685597,NN
pOTU059_pOTU045,46,0.299465046,NN
pOTU059_pOTU041,52,0.320155717,NN
pOTU059_pOTU044,46,0.22241238,NN
pOTU059_pOTU042,52,0.18949921,NN
pOTU059_pOTU039,46,0.082953632,NN
pOTU059_pOTU038,52,0.370253071,NN
pOTU059_pOTU034,46,0.239471327,NN
pOTU059_pOTU035,46,0.060942651,NN
pOTU059_pOTU033,46,0.265457382,NN
pOTU059_pOTU025,46,0.417590549,NN
pOTU059_pOTU026,46,0.224570827,NN
pOTU059_pOTU027,52,0.277730041,NN
pOTU059_pOTU019,44,0.445099213,NN
pOTU059_pOTU021,48,0.562003598,NN
pOTU059_pOTU024,46,0.512450184,NN
pOTU059_pOTU052,44,0,NN
pOTU059_pOTU030,48,0.043330982,NN
pOTU059_pOTU037,48,4.30E-10,NN
pOTU059_pOTU040,50,1.53E-06,NN
pOTU059_pOTU031,48,0.005698953,NN
pOTU059_pOTU015,48,1.50E-05,NN
pOTU059_pOTU014,46,0.004305978,NN
pOTU059_pOTU012,48,0.001643084,NN
pOTU059_pOTU013,46,3.59E-05,NN
pOTU059_pOTU006,46,0.000755771,NN
pOTU059_pOTU009,44,0.046078136,NN
pOTU059_pOTU001,48,0.012368517,NN
pOTU049_pOTU047,44,0.267249438,NN
pOTU049_pOTU059,44,0.198829008,NN
pOTU049_pOTU054,44,0.046906032,NN
pOTU049_pOTU036,48,0.082214517,NN
pOTU049_pOTU022,46,0.430088351,NN
pOTU049_pOTU004,44,0.484132457,NN
pOTU049_pOTU002,44,0.35225435,NN
pOTU049_pOTU043,46,0.643720732,NN
pOTU049_pOTU046,52,0.587336849,NN
pOTU049_pOTU045,46,0.481760878,NN
pOTU049_pOTU048,44,0.344778227,NN
pOTU049_pOTU041,52,0.616732134,NN
pOTU049_pOTU044,46,0.506973983,NN
pOTU049_pOTU042,52,0.454928073,NN
pOTU049_pOTU039,46,0.432924463,NN
pOTU049_pOTU032,44,0.610459874,NN
pOTU049_pOTU038,52,0.579660943,NN
pOTU049_pOTU034,46,0.67834044,NN
pOTU049_pOTU035,46,0.440350327,NN
pOTU049_pOTU033,46,0.643209925,NN
pOTU049_pOTU029,44,0.526141097,NN
pOTU049_pOTU025,46,0.627403521,NN
pOTU049_pOTU023,44,0.505646042,NN
pOTU049_pOTU026,46,0.701397902,NN
pOTU049_pOTU028,44,0.584968118,NN
pOTU049_pOTU027,52,0.558051766,NN
pOTU049_pOTU021,48,0.432286578,NN
pOTU049_pOTU018,44,0.498525643,NN
pOTU049_pOTU024,46,0.42897685,NN
pOTU049_pOTU016,44,0.492654704,NN
pOTU049_pOTU020,44,0.197041027,NN
pOTU049_pOTU017,44,0.558996136,NN
pOTU049_pOTU008,44,0.608214809,NN
pOTU049_pOTU011,44,0.542009686,NN
pOTU049_pOTU010,44,0.521963379,NN
pOTU049_pOTU051,44,7.78E-05,NN
pOTU049_pOTU030,48,0.087293502,NN
pOTU049_pOTU037,48,0,NN
pOTU049_pOTU040,50,1.34E-07,NN
pOTU049_pOTU031,48,0.022347331,NN
pOTU049_pOTU015,48,4.17E-07,NN
pOTU049_pOTU014,46,0.014457824,NN
pOTU049_pOTU012,48,0.022880205,NN
pOTU049_pOTU013,46,1.71E-06,NN
pOTU049_pOTU006,46,0.000755771,NN
pOTU049_pOTU007,44,0.018159817,NN
pOTU049_pOTU001,48,0.022026228,NN
pOTU054_pOTU047,42,0.12255062,NN
pOTU054_pOTU049,44,0.046906032,NN
pOTU054_pOTU036,48,0.338786904,NN
pOTU054_pOTU022,46,0.167142894,NN
pOTU054_pOTU005,44,0.049907188,NN
pOTU054_pOTU004,42,0.028277356,NN
pOTU054_pOTU003,44,0.035099554,NN
pOTU054_pOTU043,46,0.046583141,NN
pOTU054_pOTU046,52,0.017261668,NN
pOTU054_pOTU045,46,0.014732512,NN
pOTU054_pOTU041,52,0.020080587,NN
pOTU054_pOTU044,46,0.015667998,NN
pOTU054_pOTU042,52,0.015582598,NN
pOTU054_pOTU039,46,0.018633417,NN
pOTU054_pOTU038,52,0.019381777,NN
pOTU054_pOTU034,46,0.039800889,NN
pOTU054_pOTU035,46,0.029732733,NN
pOTU054_pOTU033,46,0.024241643,NN
pOTU054_pOTU025,46,0.030039652,NN
pOTU054_pOTU026,46,0.033858657,NN
pOTU054_pOTU027,52,0.018774999,NN
pOTU054_pOTU019,44,0.044129803,NN
pOTU054_pOTU021,48,0.02665523,NN
pOTU054_pOTU024,46,0.018787102,NN
pOTU054_pOTU052,44,0.643569075,NN
pOTU054_pOTU030,48,0.577940941,NN
pOTU054_pOTU037,48,0.005056227,NN
pOTU054_pOTU040,50,0.019147181,NN
pOTU054_pOTU031,48,0.684061477,NN
pOTU054_pOTU015,48,0.00568911,NN
pOTU054_pOTU014,46,0.545067335,NN
pOTU054_pOTU012,48,0.691127846,NN
pOTU054_pOTU013,46,0.007038168,NN
pOTU054_pOTU006,46,0.00127905,NN
pOTU054_pOTU009,44,0.626054688,NN
pOTU054_pOTU001,48,0.344024475,NN
pOTU036_pOTU047,48,0.537249569,NN
pOTU036_pOTU059,48,0.040705797,NN
pOTU036_pOTU049,48,0.082214517,NN
pOTU036_pOTU054,48,0.338786904,NN
pOTU036_pOTU022,48,0.531627405,NN
pOTU036_pOTU005,48,0.136127566,NN
pOTU036_pOTU004,48,0.060478816,NN
pOTU036_pOTU003,48,0.272021994,NN
pOTU036_pOTU002,48,0.589395124,NN
pOTU036_pOTU043,48,0.08661162,NN
pOTU036_pOTU046,52,0.047527349,NN
pOTU036_pOTU045,48,0.013505156,NN
pOTU036_pOTU048,48,0.006398754,NN
pOTU036_pOTU041,52,0.035812693,NN
pOTU036_pOTU044,48,0.034077756,NN
pOTU036_pOTU042,52,0.022407695,NN
pOTU036_pOTU039,48,0.049548467,NN
pOTU036_pOTU032,48,0.055187803,NN
pOTU036_pOTU038,52,0.044329988,NN
pOTU036_pOTU034,48,0.079789536,NN
pOTU036_pOTU035,48,0.054554102,NN
pOTU036_pOTU033,48,0.059759689,NN
pOTU036_pOTU029,48,0.045025016,NN
pOTU036_pOTU025,48,0.056101407,NN
pOTU036_pOTU023,48,0.030917552,NN
pOTU036_pOTU026,48,0.109989482,NN
pOTU036_pOTU028,48,0.11908875,NN
pOTU036_pOTU027,52,0.032946231,NN
pOTU036_pOTU019,48,0.096811186,NN
pOTU036_pOTU018,48,0.098549663,NN
pOTU036_pOTU024,48,0.04602212,NN
pOTU036_pOTU016,48,0.046119699,NN
pOTU036_pOTU020,48,0.515749765,NN
pOTU036_pOTU017,48,0.042623671,NN
pOTU036_pOTU008,48,0.048545891,NN
pOTU036_pOTU011,48,0.042435035,NN
pOTU036_pOTU010,48,0.122165583,NN
pOTU036_pOTU051,48,0.364006154,NN
pOTU036_pOTU052,48,0.19417083,NN
pOTU036_pOTU040,50,0.167660317,NN
pOTU036_pOTU014,48,0.339999654,NN
pOTU036_pOTU013,48,0.104018431,NN
pOTU036_pOTU006,48,0.018755411,NN
pOTU036_pOTU009,48,0.572592193,NN
pOTU036_pOTU007,48,0.516008461,NN
pOTU022_pOTU047,46,0.623429364,NN
pOTU022_pOTU059,46,0.183019505,NN
pOTU022_pOTU049,46,0.430088351,NN
pOTU022_pOTU054,46,0.167142894,NN
pOTU022_pOTU036,48,0.531627405,NN
pOTU022_pOTU005,46,0.43990794,NN
pOTU022_pOTU004,46,0.295536506,NN
pOTU022_pOTU003,46,0.549316694,NN
pOTU022_pOTU002,46,0.793243269,NN
pOTU022_pOTU046,52,0.329570165,NN
pOTU022_pOTU048,46,0.164995136,NN
pOTU022_pOTU041,52,0.319310167,NN
pOTU022_pOTU042,52,0.231350318,NN
pOTU022_pOTU032,46,0.358786381,NN
pOTU022_pOTU038,52,0.33637694,NN
pOTU022_pOTU029,46,0.285200597,NN
pOTU022_pOTU023,46,0.259058513,NN
pOTU022_pOTU028,46,0.402921699,NN
pOTU022_pOTU027,52,0.287659203,NN
pOTU022_pOTU019,46,0.391724114,NN
pOTU022_pOTU021,48,0.320782278,NN
pOTU022_pOTU018,46,0.306083634,NN
pOTU022_pOTU016,46,0.243895211,NN
pOTU022_pOTU020,46,0.2840566,NN
pOTU022_pOTU017,46,0.277288339,NN
pOTU022_pOTU008,46,0.300828549,NN
pOTU022_pOTU011,46,0.276264805,NN
pOTU022_pOTU010,46,0.354070731,NN
pOTU022_pOTU051,46,0.148695822,NN
pOTU022_pOTU052,46,0.090482837,NN
pOTU022_pOTU030,48,0.233037522,NN
pOTU022_pOTU037,48,0.088288182,NN
pOTU022_pOTU040,50,0.197723918,NN
pOTU022_pOTU031,48,0.16556158,NN
pOTU022_pOTU015,48,0.116283726,NN
pOTU022_pOTU012,48,0.190911552,NN
pOTU022_pOTU009,46,0.344828802,NN
pOTU022_pOTU007,46,0.244825718,NN
pOTU022_pOTU001,48,0.36867891,NN
pOTU005_pOTU047,44,0.280593656,NN
pOTU005_pOTU059,44,0.321140883,NN
pOTU005_pOTU054,44,0.049907188,NN
pOTU005_pOTU036,48,0.136127566,NN
pOTU005_pOTU022,46,0.43990794,NN
pOTU005_pOTU004,44,0.701646694,NN
pOTU005_pOTU002,44,0.402180286,NN
pOTU005_pOTU043,46,0.611594856,NN
pOTU005_pOTU046,52,0.714352474,NN
pOTU005_pOTU045,46,0.642359175,NN
pOTU005_pOTU048,44,0.448007145,NN
pOTU005_pOTU041,52,0.794307353,NN
pOTU005_pOTU044,46,0.62089439,NN
pOTU005_pOTU042,52,0.60251499,NN
pOTU005_pOTU039,46,0.506520915,NN
pOTU005_pOTU032,44,0.70313121,NN
pOTU005_pOTU038,52,0.78319226,NN
pOTU005_pOTU034,46,0.811071036,NN
pOTU005_pOTU035,46,0.49249916,NN
pOTU005_pOTU033,46,0.823053305,NN
pOTU005_pOTU029,44,0.612055988,NN
pOTU005_pOTU025,46,0.827340917,NN
pOTU005_pOTU023,44,0.611664382,NN
pOTU005_pOTU026,46,0.849865317,NN
pOTU005_pOTU028,44,0.395054074,NN
pOTU005_pOTU027,52,0.755299771,NN
pOTU005_pOTU021,48,0.593001561,NN
pOTU005_pOTU018,44,0.293131323,NN
pOTU005_pOTU024,46,0.622772164,NN
pOTU005_pOTU016,44,0.594165386,NN
pOTU005_pOTU020,44,0.11924704,NN
pOTU005_pOTU017,44,0.71014865,NN
pOTU005_pOTU008,44,0.716403134,NN
pOTU005_pOTU011,44,0.709178543,NN
pOTU005_pOTU010,44,0.452810675,NN
pOTU005_pOTU051,44,0.01115242,NN
pOTU005_pOTU030,48,0.088253795,NN
pOTU005_pOTU037,48,0.036140106,NN
pOTU005_pOTU040,50,0.051505005,NN
pOTU005_pOTU031,48,0.023831955,NN
pOTU005_pOTU015,48,0.04145865,NN
pOTU005_pOTU014,46,0.021784498,NN
pOTU005_pOTU012,48,0.028785518,NN
pOTU005_pOTU013,46,0.045113916,NN
pOTU005_pOTU006,46,0.006781379,NN
pOTU005_pOTU007,44,0.054705207,NN
pOTU005_pOTU001,48,0.076571716,NN
pOTU004_pOTU059,42,0.36066759,NN
pOTU004_pOTU049,44,0.484132457,NN
pOTU004_pOTU054,42,0.028277356,NN
pOTU004_pOTU036,48,0.060478816,NN
pOTU004_pOTU022,46,0.295536506,NN
pOTU004_pOTU005,44,0.701646694,NN
pOTU004_pOTU003,44,0.264736572,NN
pOTU004_pOTU002,42,0.270789652,NN
pOTU004_pOTU043,46,0.434318404,NN
pOTU004_pOTU046,52,0.707178084,NN
pOTU004_pOTU045,46,0.643411877,NN
pOTU004_pOTU048,42,0.539704459,NN
pOTU004_pOTU041,52,0.707165366,NN
pOTU004_pOTU044,46,0.538629685,NN
pOTU004_pOTU042,52,0.640409712,NN
pOTU004_pOTU039,46,0.413598587,NN
pOTU004_pOTU032,42,0.638254355,NN
pOTU004_pOTU038,52,0.795645728,NN
pOTU004_pOTU034,46,0.702511763,NN
pOTU004_pOTU035,46,0.38767767,NN
pOTU004_pOTU033,46,0.678768472,NN
pOTU004_pOTU029,42,0.562912564,NN
pOTU004_pOTU025,46,0.738576477,NN
pOTU004_pOTU023,42,0.653048219,NN
pOTU004_pOTU026,46,0.621635757,NN
pOTU004_pOTU028,42,0.27497715,NN
pOTU004_pOTU027,52,0.731250137,NN
pOTU004_pOTU019,44,0.6022843,NN
pOTU004_pOTU021,48,0.63215701,NN
pOTU004_pOTU018,42,0.204073649,NN
pOTU004_pOTU024,46,0.743463459,NN
pOTU004_pOTU016,42,0.56397587,NN
pOTU004_pOTU020,42,0.079293917,NN
pOTU004_pOTU017,42,0.610058743,NN
pOTU004_pOTU008,42,0.657283927,NN
pOTU004_pOTU011,42,0.705616754,NN
pOTU004_pOTU010,42,0.31184922,NN
pOTU004_pOTU051,42,0.00023013,NN
pOTU004_pOTU052,44,0.000163518,NN
pOTU004_pOTU030,48,0.052717092,NN
pOTU004_pOTU037,48,0.003958418,NN
pOTU004_pOTU040,50,0.005619956,NN
pOTU004_pOTU031,48,0.007430634,NN
pOTU004_pOTU015,48,0.004843558,NN
pOTU004_pOTU014,46,0.00989744,NN
pOTU004_pOTU012,48,0.006725659,NN
pOTU004_pOTU013,46,0.005710704,NN
pOTU004_pOTU006,46,0.000846127,NN
pOTU004_pOTU009,44,0.058184167,NN
pOTU004_pOTU007,42,0.020497252,NN
pOTU004_pOTU001,48,0.022607159,NN
pOTU003_pOTU047,44,0.46895826,NN
pOTU003_pOTU059,44,0.131072516,NN
pOTU003_pOTU054,44,0.035099554,NN
pOTU003_pOTU036,48,0.272021994,NN
pOTU003_pOTU022,46,0.549316694,NN
pOTU003_pOTU004,44,0.264736572,NN
pOTU003_pOTU002,44,0.503542514,NN
pOTU003_pOTU043,46,0.32156328,NN
pOTU003_pOTU046,52,0.288627857,NN
pOTU003_pOTU045,46,0.226709063,NN
pOTU003_pOTU048,44,0.159839769,NN
pOTU003_pOTU041,52,0.280687318,NN
pOTU003_pOTU044,46,0.243511254,NN
pOTU003_pOTU042,52,0.216140005,NN
pOTU003_pOTU039,46,0.205814694,NN
pOTU003_pOTU032,44,0.294856043,NN
pOTU003_pOTU038,52,0.291574636,NN
pOTU003_pOTU034,46,0.320457793,NN
pOTU003_pOTU035,46,0.201804048,NN
pOTU003_pOTU033,46,0.301325992,NN
pOTU003_pOTU029,44,0.259212546,NN
pOTU003_pOTU025,46,0.301912118,NN
pOTU003_pOTU023,44,0.239582119,NN
pOTU003_pOTU026,46,0.358632022,NN
pOTU003_pOTU028,44,0.277180883,NN
pOTU003_pOTU027,52,0.261643881,NN
pOTU003_pOTU021,48,0.254775975,NN
pOTU003_pOTU018,44,0.218546258,NN
pOTU003_pOTU024,46,0.242604088,NN
pOTU003_pOTU016,44,0.22585171,NN
pOTU003_pOTU020,44,0.089069279,NN
pOTU003_pOTU017,44,0.247908015,NN
pOTU003_pOTU008,44,0.264604481,NN
pOTU003_pOTU011,44,0.251092492,NN
pOTU003_pOTU010,44,0.232273384,NN
pOTU003_pOTU051,44,0.047593734,NN
pOTU003_pOTU030,48,0.054971215,NN
pOTU003_pOTU037,48,0.319254137,NN
pOTU003_pOTU040,50,0.488778786,NN
pOTU003_pOTU031,48,0.020197422,NN
pOTU003_pOTU015,48,0.336416449,NN
pOTU003_pOTU014,46,0.014336384,NN
pOTU003_pOTU012,48,0.061624288,NN
pOTU003_pOTU013,46,0.353351685,NN
pOTU003_pOTU006,46,0.134482976,NN
pOTU003_pOTU007,44,0.279931864,NN
pOTU003_pOTU001,48,0.43272313,NN
pOTU002_pOTU047,42,0.591686283,NN
pOTU002_pOTU049,44,0.35225435,NN
pOTU002_pOTU036,48,0.589395124,NN
pOTU002_pOTU022,46,0.793243269,NN
pOTU002_pOTU005,44,0.402180286,NN
pOTU002_pOTU004,42,0.270789652,NN
pOTU002_pOTU003,44,0.503542514,NN
pOTU002_pOTU043,46,0.40841301,NN
pOTU002_pOTU046,52,0.272751353,NN
pOTU002_pOTU045,46,0.200050853,NN
pOTU002_pOTU041,52,0.272904249,NN
pOTU002_pOTU044,46,0.237089748,NN
pOTU002_pOTU042,52,0.186944862,NN
pOTU002_pOTU039,46,0.176520114,NN
pOTU002_pOTU038,52,0.301350725,NN
pOTU002_pOTU034,46,0.348516867,NN
pOTU002_pOTU035,46,0.177401005,NN
pOTU002_pOTU033,46,0.311376599,NN
pOTU002_pOTU025,46,0.317857107,NN
pOTU002_pOTU026,46,0.352573699,NN
pOTU002_pOTU027,52,0.242541474,NN
pOTU002_pOTU019,44,0.384255299,NN
pOTU002_pOTU021,48,0.313427447,NN
pOTU002_pOTU024,46,0.26843973,NN
pOTU002_pOTU052,44,0.189972596,NN
pOTU002_pOTU030,48,0.371726374,NN
pOTU002_pOTU037,48,0.101504477,NN
pOTU002_pOTU040,50,0.206300864,NN
pOTU002_pOTU031,48,0.29241929,NN
pOTU002_pOTU015,48,0.125923172,NN
pOTU002_pOTU014,46,0.26803643,NN
pOTU002_pOTU012,48,0.329818423,NN
pOTU002_pOTU013,46,0.136494081,NN
pOTU002_pOTU006,46,0.025007938,NN
pOTU002_pOTU009,44,0.479974071,NN
pOTU002_pOTU001,48,0.478317654,NN
pOTU043_pOTU047,46,0.286020515,NN
pOTU043_pOTU059,46,0.324481692,NN
pOTU043_pOTU049,46,0.643720732,NN
pOTU043_pOTU054,46,0.046583141,NN
pOTU043_pOTU036,48,0.08661162,NN
pOTU043_pOTU005,46,0.611594856,NN
pOTU043_pOTU004,46,0.434318404,NN
pOTU043_pOTU003,46,0.32156328,NN
pOTU043_pOTU002,46,0.40841301,NN
pOTU043_pOTU046,52,0.470778983,NN
pOTU043_pOTU048,46,0.237947061,NN
pOTU043_pOTU041,52,0.55045259,NN
pOTU043_pOTU042,52,0.36520349,NN
pOTU043_pOTU032,46,0.607760792,NN
pOTU043_pOTU038,52,0.533304811,NN
pOTU043_pOTU029,46,0.462338637,NN
pOTU043_pOTU023,46,0.378258188,NN
pOTU043_pOTU028,46,0.547651858,NN
pOTU043_pOTU027,52,0.477437283,NN
pOTU043_pOTU019,46,0.638224699,NN
pOTU043_pOTU021,48,0.505066191,NN
pOTU043_pOTU018,46,0.410675283,NN
pOTU043_pOTU016,46,0.455510516,NN
pOTU043_pOTU020,46,0.188079904,NN
pOTU043_pOTU017,46,0.540533778,NN
pOTU043_pOTU008,46,0.521232816,NN
pOTU043_pOTU011,46,0.481216068,NN
pOTU043_pOTU010,46,0.576716199,NN
pOTU043_pOTU051,46,1.00E-05,NN
pOTU043_pOTU052,46,7.77E-10,NN
pOTU043_pOTU030,48,0.086426961,NN
pOTU043_pOTU037,48,7.39E-08,NN
pOTU043_pOTU040,50,7.38E-06,NN
pOTU043_pOTU031,48,0.018400184,NN
pOTU043_pOTU015,48,2.83E-05,NN
pOTU043_pOTU012,48,0.012701086,NN
pOTU043_pOTU009,46,0.075779236,NN
pOTU043_pOTU007,46,0.018853218,NN
pOTU043_pOTU001,48,0.021205977,NN
pOTU046_pOTU047,52,0.176751887,NN
pOTU046_pOTU059,52,0.221685597,NN
pOTU046_pOTU049,52,0.587336849,NN
pOTU046_pOTU054,52,0.017261668,NN
pOTU046_pOTU036,52,0.047527349,NN
pOTU046_pOTU022,52,0.329570165,NN
pOTU046_pOTU005,52,0.714352474,NN
pOTU046_pOTU004,52,0.707178084,NN
pOTU046_pOTU003,52,0.288627857,NN
pOTU046_pOTU002,52,0.272751353,NN
pOTU046_pOTU043,52,0.470778983,NN
pOTU046_pOTU045,52,0.7030422,NN
pOTU046_pOTU048,52,0.61754961,NN
pOTU046_pOTU044,52,0.590952741,NN
pOTU046_pOTU039,52,0.42752634,NN
pOTU046_pOTU032,52,0.627350894,NN
pOTU046_pOTU034,52,0.764907966,NN
pOTU046_pOTU035,52,0.397944212,NN
pOTU046_pOTU033,52,0.705928293,NN
pOTU046_pOTU029,52,0.560563257,NN
pOTU046_pOTU025,52,0.676162568,NN
pOTU046_pOTU023,52,0.706585791,NN
pOTU046_pOTU026,52,0.732611447,NN
pOTU046_pOTU028,52,0.316379061,NN
pOTU046_pOTU019,52,0.576703125,NN
pOTU046_pOTU021,52,0.542831172,NN
pOTU046_pOTU018,52,0.239834146,NN
pOTU046_pOTU024,52,0.614278813,NN
pOTU046_pOTU016,52,0.598811473,NN
pOTU046_pOTU020,52,0.075989034,NN
pOTU046_pOTU017,52,0.672560284,NN
pOTU046_pOTU008,52,0.685093588,NN
pOTU046_pOTU011,52,0.706158927,NN
pOTU046_pOTU010,52,0.304709732,NN
pOTU046_pOTU051,52,0,NN
pOTU046_pOTU052,52,0,NN
pOTU046_pOTU030,52,0.040356547,NN
pOTU046_pOTU037,52,0,NN
pOTU046_pOTU040,52,2.99E-07,NN
pOTU046_pOTU031,52,0.004609711,NN
pOTU046_pOTU015,52,3.65E-06,NN
pOTU046_pOTU014,52,0.00365322,NN
pOTU046_pOTU012,52,0.00140353,NN
pOTU046_pOTU013,52,1.01E-05,NN
pOTU046_pOTU006,52,0.000755771,NN
pOTU046_pOTU009,52,0.040046837,NN
pOTU046_pOTU007,52,0.014003962,NN
pOTU046_pOTU001,52,0.013383603,NN
pOTU045_pOTU047,46,0.105957424,NN
pOTU045_pOTU059,46,0.299465046,NN
pOTU045_pOTU049,46,0.481760878,NN
pOTU045_pOTU054,46,0.014732512,NN
pOTU045_pOTU036,48,0.013505156,NN
pOTU045_pOTU005,46,0.642359175,NN
pOTU045_pOTU004,46,0.643411877,NN
pOTU045_pOTU003,46,0.226709063,NN
pOTU045_pOTU002,46,0.200050853,NN
pOTU045_pOTU046,52,0.7030422,NN
pOTU045_pOTU048,46,0.631771535,NN
pOTU045_pOTU041,52,0.749762088,NN
pOTU045_pOTU042,52,0.769898949,NN
pOTU045_pOTU032,46,0.662167368,NN
pOTU045_pOTU038,52,0.681927341,NN
pOTU045_pOTU029,46,0.519346753,NN
pOTU045_pOTU023,46,0.596909096,NN
pOTU045_pOTU028,46,0.290143888,NN
pOTU045_pOTU027,52,0.744730868,NN
pOTU045_pOTU019,46,0.536431367,NN
pOTU045_pOTU021,48,0.61351871,NN
pOTU045_pOTU018,46,0.195290596,NN
pOTU045_pOTU016,46,0.552111064,NN
pOTU045_pOTU020,46,0.028378877,NN
pOTU045_pOTU017,46,0.603604301,NN
pOTU045_pOTU008,46,0.608443747,NN
pOTU045_pOTU011,46,0.680052078,NN
pOTU045_pOTU010,46,0.351950232,NN
pOTU045_pOTU051,46,0,NN
pOTU045_pOTU052,46,0,NN
pOTU045_pOTU030,48,0.008412168,NN
pOTU045_pOTU037,48,0,NN
pOTU045_pOTU040,50,0,NN
pOTU045_pOTU031,48,0.000116441,NN
pOTU045_pOTU015,48,0,NN
pOTU045_pOTU012,48,0.000228183,NN
pOTU045_pOTU009,46,0.004389395,NN
pOTU045_pOTU007,46,0.008037189,NN
pOTU045_pOTU001,48,0.006704282,NN
pOTU048_pOTU047,42,0.065009425,NN
pOTU048_pOTU049,44,0.344778227,NN
pOTU048_pOTU036,48,0.006398754,NN
pOTU048_pOTU022,46,0.164995136,NN
pOTU048_pOTU005,44,0.448007145,NN
pOTU048_pOTU004,42,0.539704459,NN
pOTU048_pOTU003,44,0.159839769,NN
pOTU048_pOTU043,46,0.237947061,NN
pOTU048_pOTU046,52,0.61754961,NN
pOTU048_pOTU045,46,0.631771535,NN
pOTU048_pOTU041,52,0.534658738,NN
pOTU048_pOTU044,46,0.454986801,NN
pOTU048_pOTU042,52,0.790123622,NN
pOTU048_pOTU039,46,0.298246187,NN
pOTU048_pOTU038,52,0.499840415,NN
pOTU048_pOTU034,46,0.487579909,NN
pOTU048_pOTU035,46,0.263725318,NN
pOTU048_pOTU033,46,0.470669814,NN
pOTU048_pOTU025,46,0.434937736,NN
pOTU048_pOTU026,46,0.452996708,NN
pOTU048_pOTU027,52,0.571498816,NN
pOTU048_pOTU019,44,0.343535679,NN
pOTU048_pOTU021,48,0.358328796,NN
pOTU048_pOTU024,46,0.517978642,NN
pOTU048_pOTU052,44,0,NN
pOTU048_pOTU030,48,0.004183679,NN
pOTU048_pOTU037,48,0,NN
pOTU048_pOTU040,50,0,NN
pOTU048_pOTU031,48,5.54E-06,NN
pOTU048_pOTU015,48,0,NN
pOTU048_pOTU014,46,0.000179528,NN
pOTU048_pOTU012,48,4.04E-05,NN
pOTU048_pOTU013,46,0,NN
pOTU048_pOTU006,46,0.000755771,NN
pOTU048_pOTU009,44,0.001169157,NN
pOTU048_pOTU001,48,0.0040341,NN
pOTU041_pOTU047,52,0.160947631,NN
pOTU041_pOTU059,52,0.320155717,NN
pOTU041_pOTU049,52,0.616732134,NN
pOTU041_pOTU054,52,0.020080587,NN
pOTU041_pOTU036,52,0.035812693,NN
pOTU041_pOTU022,52,0.319310167,NN
pOTU041_pOTU005,52,0.794307353,NN
pOTU041_pOTU004,52,0.707165366,NN
pOTU041_pOTU003,52,0.280687318,NN
pOTU041_pOTU002,52,0.272904249,NN
pOTU041_pOTU043,52,0.55045259,NN
pOTU041_pOTU045,52,0.749762088,NN
pOTU041_pOTU048,52,0.534658738,NN
pOTU041_pOTU044,52,0.660284643,NN
pOTU041_pOTU039,52,0.473672652,NN
pOTU041_pOTU032,52,0.723506693,NN
pOTU041_pOTU034,52,0.756555838,NN
pOTU041_pOTU035,52,0.447870611,NN
pOTU041_pOTU033,52,0.770590344,NN
pOTU041_pOTU029,52,0.585005238,NN
pOTU041_pOTU025,52,0.808030685,NN
pOTU041_pOTU023,52,0.609087771,NN
pOTU041_pOTU026,52,0.754478687,NN
pOTU041_pOTU028,52,0.336353746,NN
pOTU041_pOTU019,52,0.651442258,NN
pOTU041_pOTU021,52,0.632111234,NN
pOTU041_pOTU018,52,0.234769404,NN
pOTU041_pOTU024,52,0.693054498,NN
pOTU041_pOTU016,52,0.573193591,NN
pOTU041_pOTU020,52,0.064871995,NN
pOTU041_pOTU017,52,0.712543782,NN
pOTU041_pOTU008,52,0.684930198,NN
pOTU041_pOTU011,52,0.735943794,NN
pOTU041_pOTU010,52,0.382389941,NN
pOTU041_pOTU051,52,8.19E-10,NN
pOTU041_pOTU052,52,0,NN
pOTU041_pOTU030,52,0.028776203,NN
pOTU041_pOTU037,52,0,NN
pOTU041_pOTU040,52,0,NN
pOTU041_pOTU031,52,0.005606231,NN
pOTU041_pOTU015,52,0,NN
pOTU041_pOTU014,52,0.003959065,NN
pOTU041_pOTU012,52,0.002431356,NN
pOTU041_pOTU013,52,1.01E-08,NN
pOTU041_pOTU006,52,0.000755771,NN
pOTU041_pOTU009,52,0.025115868,NN
pOTU041_pOTU007,52,0.013027578,NN
pOTU041_pOTU001,52,0.012784398,NN
pOTU044_pOTU047,46,0.138044355,NN
pOTU044_pOTU059,46,0.22241238,NN
pOTU044_pOTU049,46,0.506973983,NN
pOTU044_pOTU054,46,0.015667998,NN
pOTU044_pOTU036,48,0.034077756,NN
pOTU044_pOTU005,46,0.62089439,NN
pOTU044_pOTU004,46,0.538629685,NN
pOTU044_pOTU003,46,0.243511254,NN
pOTU044_pOTU002,46,0.237089748,NN
pOTU044_pOTU046,52,0.590952741,NN
pOTU044_pOTU048,46,0.454986801,NN
pOTU044_pOTU041,52,0.660284643,NN
pOTU044_pOTU042,52,0.560036068,NN
pOTU044_pOTU032,46,0.510063732,NN
pOTU044_pOTU038,52,0.589210139,NN
pOTU044_pOTU029,46,0.517618608,NN
pOTU044_pOTU023,46,0.533252898,NN
pOTU044_pOTU028,46,0.279669647,NN
pOTU044_pOTU027,52,0.685941754,NN
pOTU044_pOTU019,46,0.472011678,NN
pOTU044_pOTU021,48,0.45518498,NN
pOTU044_pOTU018,46,0.210964972,NN
pOTU044_pOTU016,46,0.578820685,NN
pOTU044_pOTU020,46,0.051752347,NN
pOTU044_pOTU017,46,0.652521767,NN
pOTU044_pOTU008,46,0.610703824,NN
pOTU044_pOTU011,46,0.652103124,NN
pOTU044_pOTU010,46,0.304109387,NN
pOTU044_pOTU051,46,0,NN
pOTU044_pOTU052,46,0,NN
pOTU044_pOTU030,48,0.030377222,NN
pOTU044_pOTU037,48,0,NN
pOTU044_pOTU040,50,2.95E-08,NN
pOTU044_pOTU031,48,0.001954898,NN
pOTU044_pOTU015,48,5.30E-08,NN
pOTU044_pOTU012,48,0.000983313,NN
pOTU044_pOTU009,46,0.028785968,NN
pOTU044_pOTU007,46,0.011471955,NN
pOTU044_pOTU001,48,0.010383647,NN
pOTU042_pOTU047,52,0.107940082,NN
pOTU042_pOTU059,52,0.18949921,NN
pOTU042_pOTU049,52,0.454928073,NN
pOTU042_pOTU054,52,0.015582598,NN
pOTU042_pOTU036,52,0.022407695,NN
pOTU042_pOTU022,52,0.231350318,NN
pOTU042_pOTU005,52,0.60251499,NN
pOTU042_pOTU004,52,0.640409712,NN
pOTU042_pOTU003,52,0.216140005,NN
pOTU042_pOTU002,52,0.186944862,NN
pOTU042_pOTU043,52,0.36520349,NN
pOTU042_pOTU045,52,0.769898949,NN
pOTU042_pOTU048,52,0.790123622,NN
pOTU042_pOTU044,52,0.560036068,NN
pOTU042_pOTU039,52,0.36430268,NN
pOTU042_pOTU032,52,0.530037438,NN
pOTU042_pOTU034,52,0.596968393,NN
pOTU042_pOTU035,52,0.334424683,NN
pOTU042_pOTU033,52,0.61749789,NN
pOTU042_pOTU029,52,0.538360055,NN
pOTU042_pOTU025,52,0.59358665,NN
pOTU042_pOTU023,52,0.647530816,NN
pOTU042_pOTU026,52,0.58124032,NN
pOTU042_pOTU028,52,0.244274692,NN
pOTU042_pOTU019,52,0.460773753,NN
pOTU042_pOTU021,52,0.473744654,NN
pOTU042_pOTU018,52,0.170813691,NN
pOTU042_pOTU024,52,0.612433315,NN
pOTU042_pOTU016,52,0.60176994,NN
pOTU042_pOTU020,52,0.038084746,NN
pOTU042_pOTU017,52,0.597009904,NN
pOTU042_pOTU008,52,0.608469346,NN
pOTU042_pOTU011,52,0.69987267,NN
pOTU042_pOTU010,52,0.252150204,NN
pOTU042_pOTU051,52,0,NN
pOTU042_pOTU052,52,0,NN
pOTU042_pOTU030,52,0.017014689,NN
pOTU042_pOTU037,52,0,NN
pOTU042_pOTU040,52,0,NN
pOTU042_pOTU031,52,0.001123609,NN
pOTU042_pOTU015,52,0,NN
pOTU042_pOTU014,52,0.001136093,NN
pOTU042_pOTU012,52,0.000549745,NN
pOTU042_pOTU013,52,0,NN
pOTU042_pOTU006,52,0.000755771,NN
pOTU042_pOTU009,52,0.013718916,NN
pOTU042_pOTU007,52,0.009236385,NN
pOTU042_pOTU001,52,0.008278383,NN
pOTU039_pOTU047,46,0.140449887,NN
pOTU039_pOTU059,46,0.082953632,NN
pOTU039_pOTU049,46,0.432924463,NN
pOTU039_pOTU054,46,0.018633417,NN
pOTU039_pOTU036,48,0.049548467,NN
pOTU039_pOTU005,46,0.506520915,NN
pOTU039_pOTU004,46,0.413598587,NN
pOTU039_pOTU003,46,0.205814694,NN
pOTU039_pOTU002,46,0.176520114,NN
pOTU039_pOTU046,52,0.42752634,NN
pOTU039_pOTU048,46,0.298246187,NN
pOTU039_pOTU041,52,0.473672652,NN
pOTU039_pOTU042,52,0.36430268,NN
pOTU039_pOTU032,46,0.301769635,NN
pOTU039_pOTU038,52,0.488385529,NN
pOTU039_pOTU029,46,0.767571137,NN
pOTU039_pOTU023,46,0.611467426,NN
pOTU039_pOTU028,46,0.188338367,NN
pOTU039_pOTU027,52,0.521790762,NN
pOTU039_pOTU019,46,0.261037155,NN
pOTU039_pOTU021,48,0.209544796,NN
pOTU039_pOTU018,46,0.139022663,NN
pOTU039_pOTU016,46,0.684826743,NN
pOTU039_pOTU020,46,0.067135972,NN
pOTU039_pOTU017,46,0.711331453,NN
pOTU039_pOTU008,46,0.653935625,NN
pOTU039_pOTU011,46,0.618221713,NN
pOTU039_pOTU010,46,0.161153452,NN
pOTU039_pOTU051,46,0,NN
pOTU039_pOTU052,46,0,NN
pOTU039_pOTU030,48,0.044874675,NN
pOTU039_pOTU037,48,0,NN
pOTU039_pOTU040,50,3.62E-08,NN
pOTU039_pOTU031,48,0.008185636,NN
pOTU039_pOTU015,48,9.51E-08,NN
pOTU039_pOTU012,48,0.001443519,NN
pOTU039_pOTU009,46,0.04797042,NN
pOTU039_pOTU007,46,0.012209655,NN
pOTU039_pOTU001,48,0.012194396,NN
pOTU032_pOTU047,42,0.200939332,NN
pOTU032_pOTU049,44,0.610459874,NN
pOTU032_pOTU036,48,0.055187803,NN
pOTU032_pOTU022,46,0.358786381,NN
pOTU032_pOTU005,44,0.70313121,NN
pOTU032_pOTU004,42,0.638254355,NN
pOTU032_pOTU003,44,0.294856043,NN
pOTU032_pOTU043,46,0.607760792,NN
pOTU032_pOTU046,52,0.627350894,NN
pOTU032_pOTU045,46,0.662167368,NN
pOTU032_pOTU041,52,0.723506693,NN
pOTU032_pOTU044,46,0.510063732,NN
pOTU032_pOTU042,52,0.530037438,NN
pOTU032_pOTU039,46,0.301769635,NN
pOTU032_pOTU038,52,0.697736177,NN
pOTU032_pOTU034,46,0.658361824,NN
pOTU032_pOTU035,46,0.304821511,NN
pOTU032_pOTU033,46,0.615699936,NN
pOTU032_pOTU025,46,0.755866238,NN
pOTU032_pOTU026,46,0.622694615,NN
pOTU032_pOTU027,52,0.654620924,NN
pOTU032_pOTU019,44,0.768886603,NN
pOTU032_pOTU021,48,0.746450123,NN
pOTU032_pOTU024,46,0.692555093,NN
pOTU032_pOTU052,44,0,NN
pOTU032_pOTU030,48,0.054657842,NN
pOTU032_pOTU037,48,0,NN
pOTU032_pOTU040,50,0,NN
pOTU032_pOTU031,48,0.012138592,NN
pOTU032_pOTU015,48,1.49E-11,NN
pOTU032_pOTU014,46,0.007848105,NN
pOTU032_pOTU012,48,0.006295261,NN
pOTU032_pOTU013,46,1.23E-07,NN
pOTU032_pOTU006,46,0.000755771,NN
pOTU032_pOTU009,44,0.045221492,NN
pOTU032_pOTU001,48,0.016278526,NN
pOTU038_pOTU047,52,0.184814753,NN
pOTU038_pOTU059,52,0.370253071,NN
pOTU038_pOTU049,52,0.579660943,NN
pOTU038_pOTU054,52,0.019381777,NN
pOTU038_pOTU036,52,0.044329988,NN
pOTU038_pOTU022,52,0.33637694,NN
pOTU038_pOTU005,52,0.78319226,NN
pOTU038_pOTU004,52,0.795645728,NN
pOTU038_pOTU003,52,0.291574636,NN
pOTU038_pOTU002,52,0.301350725,NN
pOTU038_pOTU043,52,0.533304811,NN
pOTU038_pOTU045,52,0.681927341,NN
pOTU038_pOTU048,52,0.499840415,NN
pOTU038_pOTU044,52,0.589210139,NN
pOTU038_pOTU039,52,0.488385529,NN
pOTU038_pOTU032,52,0.697736177,NN
pOTU038_pOTU034,52,0.780940577,NN
pOTU038_pOTU035,52,0.460158741,NN
pOTU038_pOTU033,52,0.787624999,NN
pOTU038_pOTU029,52,0.637761333,NN
pOTU038_pOTU025,52,0.819894415,NN
pOTU038_pOTU023,52,0.66910022,NN
pOTU038_pOTU026,52,0.705351528,NN
pOTU038_pOTU028,52,0.331245339,NN
pOTU038_pOTU019,52,0.646269532,NN
pOTU038_pOTU021,52,0.619721687,NN
pOTU038_pOTU018,52,0.238023084,NN
pOTU038_pOTU024,52,0.706548354,NN
pOTU038_pOTU016,52,0.623200134,NN
pOTU038_pOTU020,52,0.087879114,NN
pOTU038_pOTU017,52,0.682784855,NN
pOTU038_pOTU008,52,0.726555966,NN
pOTU038_pOTU011,52,0.729300942,NN
pOTU038_pOTU010,52,0.360701265,NN
pOTU038_pOTU051,52,2.51E-10,NN
pOTU038_pOTU052,52,0,NN
pOTU038_pOTU030,52,0.036988025,NN
pOTU038_pOTU037,52,1.65E-09,NN
pOTU038_pOTU040,52,2.70E-06,NN
pOTU038_pOTU031,52,0.005949795,NN
pOTU038_pOTU015,52,9.03E-06,NN
pOTU038_pOTU014,52,0.00436991,NN
pOTU038_pOTU012,52,0.001857333,NN
pOTU038_pOTU013,52,4.57E-05,NN
pOTU038_pOTU006,52,0.000755771,NN
pOTU038_pOTU009,52,0.036792414,NN
pOTU038_pOTU007,52,0.014451125,NN
pOTU038_pOTU001,52,0.014318016,NN
pOTU034_pOTU047,46,0.231349502,NN
pOTU034_pOTU059,46,0.239471327,NN
pOTU034_pOTU049,46,0.67834044,NN
pOTU034_pOTU054,46,0.039800889,NN
pOTU034_pOTU036,48,0.079789536,NN
pOTU034_pOTU005,46,0.811071036,NN
pOTU034_pOTU004,46,0.702511763,NN
pOTU034_pOTU003,46,0.320457793,NN
pOTU034_pOTU002,46,0.348516867,NN
pOTU034_pOTU046,52,0.764907966,NN
pOTU034_pOTU048,46,0.487579909,NN
pOTU034_pOTU041,52,0.756555838,NN
pOTU034_pOTU042,52,0.596968393,NN
pOTU034_pOTU032,46,0.658361824,NN
pOTU034_pOTU038,52,0.780940577,NN
pOTU034_pOTU029,46,0.64326259,NN
pOTU034_pOTU023,46,0.687437794,NN
pOTU034_pOTU028,46,0.354733853,NN
pOTU034_pOTU027,52,0.759149052,NN
pOTU034_pOTU019,46,0.632192803,NN
pOTU034_pOTU021,48,0.546337025,NN
pOTU034_pOTU018,46,0.275475143,NN
pOTU034_pOTU016,46,0.628873022,NN
pOTU034_pOTU020,46,0.118460889,NN
pOTU034_pOTU017,46,0.729076444,NN
pOTU034_pOTU008,46,0.754005748,NN
pOTU034_pOTU011,46,0.722183067,NN
pOTU034_pOTU010,46,0.350386935,NN
pOTU034_pOTU051,46,0.002374545,NN
pOTU034_pOTU052,46,0.002369527,NN
pOTU034_pOTU030,48,0.076088653,NN
pOTU034_pOTU037,48,3.44E-05,NN
pOTU034_pOTU040,50,0.002776577,NN
pOTU034_pOTU031,48,0.01699215,NN
pOTU034_pOTU015,48,0.000518329,NN
pOTU034_pOTU012,48,0.013496449,NN
pOTU034_pOTU009,46,0.073002712,NN
pOTU034_pOTU007,46,0.023134602,NN
pOTU034_pOTU001,48,0.025888063,NN
pOTU035_pOTU047,46,0.157505194,NN
pOTU035_pOTU059,46,0.060942651,NN
pOTU035_pOTU049,46,0.440350327,NN
pOTU035_pOTU054,46,0.029732733,NN
pOTU035_pOTU036,48,0.054554102,NN
pOTU035_pOTU005,46,0.49249916,NN
pOTU035_pOTU004,46,0.38767767,NN
pOTU035_pOTU003,46,0.201804048,NN
pOTU035_pOTU002,46,0.177401005,NN
pOTU035_pOTU046,52,0.397944212,NN
pOTU035_pOTU048,46,0.263725318,NN
pOTU035_pOTU041,52,0.447870611,NN
pOTU035_pOTU042,52,0.334424683,NN
pOTU035_pOTU032,46,0.304821511,NN
pOTU035_pOTU038,52,0.460158741,NN
pOTU035_pOTU029,46,0.744800963,NN
pOTU035_pOTU023,46,0.575531435,NN
pOTU035_pOTU028,46,0.196265878,NN
pOTU035_pOTU027,52,0.490887988,NN
pOTU035_pOTU019,46,0.246815368,NN
pOTU035_pOTU021,48,0.199998329,NN
pOTU035_pOTU018,46,0.147499977,NN
pOTU035_pOTU016,46,0.641740503,NN
pOTU035_pOTU020,46,0.084139703,NN
pOTU035_pOTU017,46,0.653277019,NN
pOTU035_pOTU008,46,0.633150969,NN
pOTU035_pOTU011,46,0.576191079,NN
pOTU035_pOTU010,46,0.170991763,NN
pOTU035_pOTU051,46,1.43E-09,NN
pOTU035_pOTU052,46,0,NN
pOTU035_pOTU030,48,0.048736991,NN
pOTU035_pOTU037,48,0,NN
pOTU035_pOTU040,50,0,NN
pOTU035_pOTU031,48,0.011287505,NN
pOTU035_pOTU015,48,1.49E-11,NN
pOTU035_pOTU012,48,0.004204539,NN
pOTU035_pOTU009,46,0.048066847,NN
pOTU035_pOTU007,46,0.013806188,NN
pOTU035_pOTU001,48,0.014544255,NN
pOTU033_pOTU047,46,0.198823745,NN
pOTU033_pOTU059,46,0.265457382,NN
pOTU033_pOTU049,46,0.643209925,NN
pOTU033_pOTU054,46,0.024241643,NN
pOTU033_pOTU036,48,0.059759689,NN
pOTU033_pOTU005,46,0.823053305,NN
pOTU033_pOTU004,46,0.678768472,NN
pOTU033_pOTU003,46,0.301325992,NN
pOTU033_pOTU002,46,0.311376599,NN
pOTU033_pOTU046,52,0.705928293,NN
pOTU033_pOTU048,46,0.470669814,NN
pOTU033_pOTU041,52,0.770590344,NN
pOTU033_pOTU042,52,0.61749789,NN
pOTU033_pOTU032,46,0.615699936,NN
pOTU033_pOTU038,52,0.787624999,NN
pOTU033_pOTU029,46,0.717281709,NN
pOTU033_pOTU023,46,0.686801812,NN
pOTU033_pOTU028,46,0.355853845,NN
pOTU033_pOTU027,52,0.788283178,NN
pOTU033_pOTU019,46,0.570324473,NN
pOTU033_pOTU021,48,0.520754717,NN
pOTU033_pOTU018,46,0.266249219,NN
pOTU033_pOTU016,46,0.726585128,NN
pOTU033_pOTU020,46,0.091491791,NN
pOTU033_pOTU017,46,0.826443714,NN
pOTU033_pOTU008,46,0.807072341,NN
pOTU033_pOTU011,46,0.798055,NN
pOTU033_pOTU010,46,0.379737539,NN
pOTU033_pOTU051,46,1.84E-07,NN
pOTU033_pOTU052,46,0,NN
pOTU033_pOTU030,48,0.052705498,NN
pOTU033_pOTU037,48,0.000244488,NN
pOTU033_pOTU040,50,0.001221567,NN
pOTU033_pOTU031,48,0.008876499,NN
pOTU033_pOTU015,48,0.000936717,NN
pOTU033_pOTU012,48,0.003750762,NN
pOTU033_pOTU009,46,0.053166978,NN
pOTU033_pOTU007,46,0.018512484,NN
pOTU033_pOTU001,48,0.0190177,NN
pOTU029_pOTU047,42,0.161139761,NN
pOTU029_pOTU049,44,0.526141097,NN
pOTU029_pOTU036,48,0.045025016,NN
pOTU029_pOTU022,46,0.285200597,NN
pOTU029_pOTU005,44,0.612055988,NN
pOTU029_pOTU004,42,0.562912564,NN
pOTU029_pOTU003,44,0.259212546,NN
pOTU029_pOTU043,46,0.462338637,NN
pOTU029_pOTU046,52,0.560563257,NN
pOTU029_pOTU045,46,0.519346753,NN
pOTU029_pOTU041,52,0.585005238,NN
pOTU029_pOTU044,46,0.517618608,NN
pOTU029_pOTU042,52,0.538360055,NN
pOTU029_pOTU039,46,0.767571137,NN
pOTU029_pOTU038,52,0.637761333,NN
pOTU029_pOTU034,46,0.64326259,NN
pOTU029_pOTU035,46,0.744800963,NN
pOTU029_pOTU033,46,0.717281709,NN
pOTU029_pOTU025,46,0.609931057,NN
pOTU029_pOTU026,46,0.6484915,NN
pOTU029_pOTU027,52,0.646362251,NN
pOTU029_pOTU019,44,0.36176234,NN
pOTU029_pOTU021,48,0.326566091,NN
pOTU029_pOTU024,46,0.408249705,NN
pOTU029_pOTU052,44,0,NN
pOTU029_pOTU030,48,0.038374138,NN
pOTU029_pOTU037,48,0,NN
pOTU029_pOTU040,50,0,NN
pOTU029_pOTU031,48,0.008017826,NN
pOTU029_pOTU015,48,0,NN
pOTU029_pOTU014,46,0.004493271,NN
pOTU029_pOTU012,48,0.002016039,NN
pOTU029_pOTU013,46,1.00E-09,NN
pOTU029_pOTU006,46,0.000755771,NN
pOTU029_pOTU009,44,0.036664488,NN
pOTU029_pOTU001,48,0.013585257,NN
pOTU025_pOTU047,46,0.19970949,NN
pOTU025_pOTU059,46,0.417590549,NN
pOTU025_pOTU049,46,0.627403521,NN
pOTU025_pOTU054,46,0.030039652,NN
pOTU025_pOTU036,48,0.056101407,NN
pOTU025_pOTU005,46,0.827340917,NN
pOTU025_pOTU004,46,0.738576477,NN
pOTU025_pOTU003,46,0.301912118,NN
pOTU025_pOTU002,46,0.317857107,NN
pOTU025_pOTU046,52,0.676162568,NN
pOTU025_pOTU048,46,0.434937736,NN
pOTU025_pOTU041,52,0.808030685,NN
pOTU025_pOTU042,52,0.59358665,NN
pOTU025_pOTU032,46,0.755866238,NN
pOTU025_pOTU038,52,0.819894415,NN
pOTU025_pOTU029,46,0.609931057,NN
pOTU025_pOTU023,46,0.586374859,NN
pOTU025_pOTU028,46,0.372455916,NN
pOTU025_pOTU027,52,0.753429232,NN
pOTU025_pOTU019,46,0.684786895,NN
pOTU025_pOTU021,48,0.693532383,NN
pOTU025_pOTU018,46,0.26837376,NN
pOTU025_pOTU016,46,0.566420673,NN
pOTU025_pOTU020,46,0.096021879,NN
pOTU025_pOTU017,46,0.697086846,NN
pOTU025_pOTU008,46,0.695206069,NN
pOTU025_pOTU011,46,0.695429533,NN
pOTU025_pOTU010,46,0.429268373,NN
pOTU025_pOTU051,46,7.09E-10,NN
pOTU025_pOTU052,46,0,NN
pOTU025_pOTU030,48,0.049844135,NN
pOTU025_pOTU037,48,2.69E-09,NN
pOTU025_pOTU040,50,3.51E-06,NN
pOTU025_pOTU031,48,0.008228646,NN
pOTU025_pOTU015,48,1.29E-05,NN
pOTU025_pOTU012,48,0.004179491,NN
pOTU025_pOTU009,46,0.046067213,NN
pOTU025_pOTU007,46,0.015787189,NN
pOTU025_pOTU001,48,0.016287391,NN
pOTU023_pOTU047,42,0.133476805,NN
pOTU023_pOTU049,44,0.505646042,NN
pOTU023_pOTU036,48,0.030917552,NN
pOTU023_pOTU022,46,0.259058513,NN
pOTU023_pOTU005,44,0.611664382,NN
pOTU023_pOTU004,42,0.653048219,NN
pOTU023_pOTU003,44,0.239582119,NN
pOTU023_pOTU043,46,0.378258188,NN
pOTU023_pOTU046,52,0.706585791,NN
pOTU023_pOTU045,46,0.596909096,NN
pOTU023_pOTU041,52,0.609087771,NN
pOTU023_pOTU044,46,0.533252898,NN
pOTU023_pOTU042,52,0.647530816,NN
pOTU023_pOTU039,46,0.611467426,NN
pOTU023_pOTU038,52,0.66910022,NN
pOTU023_pOTU034,46,0.687437794,NN
pOTU023_pOTU035,46,0.575531435,NN
pOTU023_pOTU033,46,0.686801812,NN
pOTU023_pOTU025,46,0.586374859,NN
pOTU023_pOTU026,46,0.651160932,NN
pOTU023_pOTU027,52,0.682627706,NN
pOTU023_pOTU019,44,0.383728993,NN
pOTU023_pOTU021,48,0.361960572,NN
pOTU023_pOTU024,46,0.452133623,NN
pOTU023_pOTU052,44,0,NN
pOTU023_pOTU030,48,0.025041134,NN
pOTU023_pOTU037,48,0,NN
pOTU023_pOTU040,50,0,NN
pOTU023_pOTU031,48,0.004924017,NN
pOTU023_pOTU015,48,0,NN
pOTU023_pOTU014,46,0.003093637,NN
pOTU023_pOTU012,48,0.000893025,NN
pOTU023_pOTU013,46,0,NN
pOTU023_pOTU006,46,0.000755771,NN
pOTU023_pOTU009,44,0.02423054,NN
pOTU023_pOTU001,48,0.010360591,NN
pOTU026_pOTU047,46,0.253329692,NN
pOTU026_pOTU059,46,0.224570827,NN
pOTU026_pOTU049,46,0.701397902,NN
pOTU026_pOTU054,46,0.033858657,NN
pOTU026_pOTU036,48,0.109989482,NN
pOTU026_pOTU005,46,0.849865317,NN
pOTU026_pOTU004,46,0.621635757,NN
pOTU026_pOTU003,46,0.358632022,NN
pOTU026_pOTU002,46,0.352573699,NN
pOTU026_pOTU046,52,0.732611447,NN
pOTU026_pOTU048,46,0.452996708,NN
pOTU026_pOTU041,52,0.754478687,NN
pOTU026_pOTU042,52,0.58124032,NN
pOTU026_pOTU032,46,0.622694615,NN
pOTU026_pOTU038,52,0.705351528,NN
pOTU026_pOTU029,46,0.6484915,NN
pOTU026_pOTU023,46,0.651160932,NN
pOTU026_pOTU028,46,0.368608678,NN
pOTU026_pOTU027,52,0.732543364,NN
pOTU026_pOTU019,46,0.5832121,NN
pOTU026_pOTU021,48,0.513022923,NN
pOTU026_pOTU018,46,0.279942746,NN
pOTU026_pOTU016,46,0.624403904,NN
pOTU026_pOTU020,46,0.088746993,NN
pOTU026_pOTU017,46,0.751135886,NN
pOTU026_pOTU008,46,0.735931593,NN
pOTU026_pOTU011,46,0.713053251,NN
pOTU026_pOTU010,46,0.373341909,NN
pOTU026_pOTU051,46,0.006945788,NN
pOTU026_pOTU052,46,0,NN
pOTU026_pOTU030,48,0.061136329,NN
pOTU026_pOTU037,48,0.032785715,NN
pOTU026_pOTU040,50,0.044732356,NN
pOTU026_pOTU031,48,0.017497757,NN
pOTU026_pOTU015,48,0.036602851,NN
pOTU026_pOTU012,48,0.023154044,NN
pOTU026_pOTU009,46,0.10276901,NN
pOTU026_pOTU007,46,0.053171497,NN
pOTU026_pOTU001,48,0.065600456,NN
pOTU028_pOTU047,42,0.311917889,NN
pOTU028_pOTU049,44,0.584968118,NN
pOTU028_pOTU036,48,0.11908875,NN
pOTU028_pOTU022,46,0.402921699,NN
pOTU028_pOTU005,44,0.395054074,NN
pOTU028_pOTU004,42,0.27497715,NN
pOTU028_pOTU003,44,0.277180883,NN
pOTU028_pOTU043,46,0.547651858,NN
pOTU028_pOTU046,52,0.316379061,NN
pOTU028_pOTU045,46,0.290143888,NN
pOTU028_pOTU041,52,0.336353746,NN
pOTU028_pOTU044,46,0.279669647,NN
pOTU028_pOTU042,52,0.244274692,NN
pOTU028_pOTU039,46,0.188338367,NN
pOTU028_pOTU038,52,0.331245339,NN
pOTU028_pOTU034,46,0.354733853,NN
pOTU028_pOTU035,46,0.196265878,NN
pOTU028_pOTU033,46,0.355853845,NN
pOTU028_pOTU025,46,0.372455916,NN
pOTU028_pOTU026,46,0.368608678,NN
pOTU028_pOTU027,52,0.295627406,NN
pOTU028_pOTU019,44,0.429266205,NN
pOTU028_pOTU021,48,0.354460045,NN
pOTU028_pOTU024,46,0.307793406,NN
pOTU028_pOTU052,44,2.32E-06,NN
pOTU028_pOTU030,48,0.129084315,NN
pOTU028_pOTU037,48,3.13E-07,NN
pOTU028_pOTU040,50,1.46E-05,NN
pOTU028_pOTU031,48,0.023828503,NN
pOTU028_pOTU015,48,0.000139894,NN
pOTU028_pOTU014,46,0.01566433,NN
pOTU028_pOTU012,48,0.029542951,NN
pOTU028_pOTU013,46,6.89E-05,NN
pOTU028_pOTU006,46,0.000755771,NN
pOTU028_pOTU009,44,0.116688603,NN
pOTU028_pOTU001,48,0.026696061,NN
pOTU027_pOTU047,52,0.143169307,NN
pOTU027_pOTU059,52,0.277730041,NN
pOTU027_pOTU049,52,0.558051766,NN
pOTU027_pOTU054,52,0.018774999,NN
pOTU027_pOTU036,52,0.032946231,NN
pOTU027_pOTU022,52,0.287659203,NN
pOTU027_pOTU005,52,0.755299771,NN
pOTU027_pOTU004,52,0.731250137,NN
pOTU027_pOTU003,52,0.261643881,NN
pOTU027_pOTU002,52,0.242541474,NN
pOTU027_pOTU043,52,0.477437283,NN
pOTU027_pOTU045,52,0.744730868,NN
pOTU027_pOTU048,52,0.571498816,NN
pOTU027_pOTU044,52,0.685941754,NN
pOTU027_pOTU039,52,0.521790762,NN
pOTU027_pOTU032,52,0.654620924,NN
pOTU027_pOTU034,52,0.759149052,NN
pOTU027_pOTU035,52,0.490887988,NN
pOTU027_pOTU033,52,0.788283178,NN
pOTU027_pOTU029,52,0.646362251,NN
pOTU027_pOTU025,52,0.753429232,NN
pOTU027_pOTU023,52,0.682627706,NN
pOTU027_pOTU026,52,0.732543364,NN
pOTU027_pOTU028,52,0.295627406,NN
pOTU027_pOTU019,52,0.568796532,NN
pOTU027_pOTU021,52,0.576821738,NN
pOTU027_pOTU018,52,0.209970537,NN
pOTU027_pOTU024,52,0.67016366,NN
pOTU027_pOTU016,52,0.619652997,NN
pOTU027_pOTU020,52,0.057674077,NN
pOTU027_pOTU017,52,0.766876326,NN
pOTU027_pOTU008,52,0.748927523,NN
pOTU027_pOTU011,52,0.814118714,NN
pOTU027_pOTU010,52,0.321078472,NN
pOTU027_pOTU051,52,0,NN
pOTU027_pOTU052,52,0,NN
pOTU027_pOTU030,52,0.02554035,NN
pOTU027_pOTU037,52,0,NN
pOTU027_pOTU040,52,7.31E-10,NN
pOTU027_pOTU031,52,0.005842989,NN
pOTU027_pOTU015,52,1.41E-09,NN
pOTU027_pOTU014,52,0.004018024,NN
pOTU027_pOTU012,52,0.001652152,NN
pOTU027_pOTU013,52,1.04E-07,NN
pOTU027_pOTU006,52,0.000755771,NN
pOTU027_pOTU009,52,0.024132092,NN
pOTU027_pOTU007,52,0.012972296,NN
pOTU027_pOTU001,52,0.012743844,NN
pOTU019_pOTU047,44,0.251486736,NN
pOTU019_pOTU059,44,0.445099213,NN
pOTU019_pOTU054,44,0.044129803,NN
pOTU019_pOTU036,48,0.096811186,NN
pOTU019_pOTU022,46,0.391724114,NN
pOTU019_pOTU004,44,0.6022843,NN
pOTU019_pOTU002,44,0.384255299,NN
pOTU019_pOTU043,46,0.638224699,NN
pOTU019_pOTU046,52,0.576703125,NN
pOTU019_pOTU045,46,0.536431367,NN
pOTU019_pOTU048,44,0.343535679,NN
pOTU019_pOTU041,52,0.651442258,NN
pOTU019_pOTU044,46,0.472011678,NN
pOTU019_pOTU042,52,0.460773753,NN
pOTU019_pOTU039,46,0.261037155,NN
pOTU019_pOTU032,44,0.768886603,NN
pOTU019_pOTU038,52,0.646269532,NN
pOTU019_pOTU034,46,0.632192803,NN
pOTU019_pOTU035,46,0.246815368,NN
pOTU019_pOTU033,46,0.570324473,NN
pOTU019_pOTU029,44,0.36176234,NN
pOTU019_pOTU025,46,0.684786895,NN
pOTU019_pOTU023,44,0.383728993,NN
pOTU019_pOTU026,46,0.5832121,NN
pOTU019_pOTU028,44,0.429266205,NN
pOTU019_pOTU027,52,0.568796532,NN
pOTU019_pOTU021,48,0.765645,NN
pOTU019_pOTU018,44,0.328720872,NN
pOTU019_pOTU024,46,0.673514793,NN
pOTU019_pOTU016,44,0.344143229,NN
pOTU019_pOTU020,44,0.144131424,NN
pOTU019_pOTU017,44,0.480471581,NN
pOTU019_pOTU008,44,0.485082463,NN
pOTU019_pOTU011,44,0.488444708,NN
pOTU019_pOTU010,44,0.541907661,NN
pOTU019_pOTU051,44,0.005288721,NN
pOTU019_pOTU030,48,0.087692995,NN
pOTU019_pOTU037,48,0.007978869,NN
pOTU019_pOTU040,50,0.012845531,NN
pOTU019_pOTU031,48,0.019433501,NN
pOTU019_pOTU015,48,0.00916931,NN
pOTU019_pOTU014,46,0.017035199,NN
pOTU019_pOTU012,48,0.016995758,NN
pOTU019_pOTU013,46,0.011569898,NN
pOTU019_pOTU006,46,0.004104716,NN
pOTU019_pOTU007,44,0.032094226,NN
pOTU019_pOTU001,48,0.036480749,NN
pOTU021_pOTU047,48,0.190771082,NN
pOTU021_pOTU059,48,0.562003598,NN
pOTU021_pOTU049,48,0.432286578,NN
pOTU021_pOTU054,48,0.02665523,NN
pOTU021_pOTU022,48,0.320782278,NN
pOTU021_pOTU005,48,0.593001561,NN
pOTU021_pOTU004,48,0.63215701,NN
pOTU021_pOTU003,48,0.254775975,NN
pOTU021_pOTU002,48,0.313427447,NN
pOTU021_pOTU043,48,0.505066191,NN
pOTU021_pOTU046,52,0.542831172,NN
pOTU021_pOTU045,48,0.61351871,NN
pOTU021_pOTU048,48,0.358328796,NN
pOTU021_pOTU041,52,0.632111234,NN
pOTU021_pOTU044,48,0.45518498,NN
pOTU021_pOTU042,52,0.473744654,NN
pOTU021_pOTU039,48,0.209544796,NN
pOTU021_pOTU032,48,0.746450123,NN
pOTU021_pOTU038,52,0.619721687,NN
pOTU021_pOTU034,48,0.546337025,NN
pOTU021_pOTU035,48,0.199998329,NN
pOTU021_pOTU033,48,0.520754717,NN
pOTU021_pOTU029,48,0.326566091,NN
pOTU021_pOTU025,48,0.693532383,NN
pOTU021_pOTU023,48,0.361960572,NN
pOTU021_pOTU026,48,0.513022923,NN
pOTU021_pOTU028,48,0.354460045,NN
pOTU021_pOTU027,52,0.576821738,NN
pOTU021_pOTU019,48,0.765645,NN
pOTU021_pOTU018,48,0.263793543,NN
pOTU021_pOTU024,48,0.793734392,NN
pOTU021_pOTU016,48,0.30546386,NN
pOTU021_pOTU020,48,0.093694479,NN
pOTU021_pOTU017,48,0.443700885,NN
pOTU021_pOTU008,48,0.439797517,NN
pOTU021_pOTU011,48,0.482987155,NN
pOTU021_pOTU010,48,0.492736037,NN
pOTU021_pOTU051,48,1.30E-06,NN
pOTU021_pOTU052,48,0,NN
pOTU021_pOTU040,50,0.005909018,NN
pOTU021_pOTU014,48,0.009609519,NN
pOTU021_pOTU013,48,0.005782633,NN
pOTU021_pOTU006,48,0.000755771,NN
pOTU021_pOTU009,48,0.058493534,NN
pOTU021_pOTU007,48,0.020792822,NN
pOTU018_pOTU047,42,0.25062044,NN
pOTU018_pOTU049,44,0.498525643,NN
pOTU018_pOTU036,48,0.098549663,NN
pOTU018_pOTU022,46,0.306083634,NN
pOTU018_pOTU005,44,0.293131323,NN
pOTU018_pOTU004,42,0.204073649,NN
pOTU018_pOTU003,44,0.218546258,NN
pOTU018_pOTU043,46,0.410675283,NN
pOTU018_pOTU046,52,0.239834146,NN
pOTU018_pOTU045,46,0.195290596,NN
pOTU018_pOTU041,52,0.234769404,NN
pOTU018_pOTU044,46,0.210964972,NN
pOTU018_pOTU042,52,0.170813691,NN
pOTU018_pOTU039,46,0.139022663,NN
pOTU018_pOTU038,52,0.238023084,NN
pOTU018_pOTU034,46,0.275475143,NN
pOTU018_pOTU035,46,0.147499977,NN
pOTU018_pOTU033,46,0.266249219,NN
pOTU018_pOTU025,46,0.26837376,NN
pOTU018_pOTU026,46,0.279942746,NN
pOTU018_pOTU027,52,0.209970537,NN
pOTU018_pOTU019,44,0.328720872,NN
pOTU018_pOTU021,48,0.263793543,NN
pOTU018_pOTU024,46,0.226652489,NN
pOTU018_pOTU052,44,0,NN
pOTU018_pOTU030,48,0.110764443,NN
pOTU018_pOTU037,48,1.40E-08,NN
pOTU018_pOTU040,50,4.03E-06,NN
pOTU018_pOTU031,48,0.022793748,NN
pOTU018_pOTU015,48,1.77E-05,NN
pOTU018_pOTU014,46,0.015300573,NN
pOTU018_pOTU012,48,0.026053101,NN
pOTU018_pOTU013,46,3.02E-05,NN
pOTU018_pOTU006,46,0.000755771,NN
pOTU018_pOTU009,44,0.097836142,NN
pOTU018_pOTU001,48,0.024032135,NN
pOTU024_pOTU047,46,0.151686477,NN
pOTU024_pOTU059,46,0.512450184,NN
pOTU024_pOTU049,46,0.42897685,NN
pOTU024_pOTU054,46,0.018787102,NN
pOTU024_pOTU036,48,0.04602212,NN
pOTU024_pOTU005,46,0.622772164,NN
pOTU024_pOTU004,46,0.743463459,NN
pOTU024_pOTU003,46,0.242604088,NN
pOTU024_pOTU002,46,0.26843973,NN
pOTU024_pOTU046,52,0.614278813,NN
pOTU024_pOTU048,46,0.517978642,NN
pOTU024_pOTU041,52,0.693054498,NN
pOTU024_pOTU042,52,0.612433315,NN
pOTU024_pOTU032,46,0.692555093,NN
pOTU024_pOTU038,52,0.706548354,NN
pOTU024_pOTU029,46,0.408249705,NN
pOTU024_pOTU023,46,0.452133623,NN
pOTU024_pOTU028,46,0.307793406,NN
pOTU024_pOTU027,52,0.67016366,NN
pOTU024_pOTU019,46,0.673514793,NN
pOTU024_pOTU021,48,0.793734392,NN
pOTU024_pOTU018,46,0.226652489,NN
pOTU024_pOTU016,46,0.389113722,NN
pOTU024_pOTU020,46,0.069983491,NN
pOTU024_pOTU017,46,0.505778825,NN
pOTU024_pOTU008,46,0.51540779,NN
pOTU024_pOTU011,46,0.568369381,NN
pOTU024_pOTU010,46,0.395162973,NN
pOTU024_pOTU051,46,0,NN
pOTU024_pOTU052,46,0,NN
pOTU024_pOTU030,48,0.041700074,NN
pOTU024_pOTU037,48,0.000142164,NN
pOTU024_pOTU040,50,0.001067817,NN
pOTU024_pOTU031,48,0.004956563,NN
pOTU024_pOTU015,48,0.000813965,NN
pOTU024_pOTU012,48,0.002940384,NN
pOTU024_pOTU009,46,0.043250266,NN
pOTU024_pOTU007,46,0.016198171,NN
pOTU024_pOTU001,48,0.016709575,NN
pOTU016_pOTU047,42,0.14319572,NN
pOTU016_pOTU049,44,0.492654704,NN
pOTU016_pOTU036,48,0.046119699,NN
pOTU016_pOTU022,46,0.243895211,NN
pOTU016_pOTU005,44,0.594165386,NN
pOTU016_pOTU004,42,0.56397587,NN
pOTU016_pOTU003,44,0.22585171,NN
pOTU016_pOTU043,46,0.455510516,NN
pOTU016_pOTU046,52,0.598811473,NN
pOTU016_pOTU045,46,0.552111064,NN
pOTU016_pOTU041,52,0.573193591,NN
pOTU016_pOTU044,46,0.578820685,NN
pOTU016_pOTU042,52,0.60176994,NN
pOTU016_pOTU039,46,0.684826743,NN
pOTU016_pOTU038,52,0.623200134,NN
pOTU016_pOTU034,46,0.628873022,NN
pOTU016_pOTU035,46,0.641740503,NN
pOTU016_pOTU033,46,0.726585128,NN
pOTU016_pOTU025,46,0.566420673,NN
pOTU016_pOTU026,46,0.624403904,NN
pOTU016_pOTU027,52,0.619652997,NN
pOTU016_pOTU019,44,0.344143229,NN
pOTU016_pOTU021,48,0.30546386,NN
pOTU016_pOTU024,46,0.389113722,NN
pOTU016_pOTU052,44,0,NN
pOTU016_pOTU030,48,0.042203812,NN
pOTU016_pOTU037,48,0,NN
pOTU016_pOTU040,50,5.71E-09,NN
pOTU016_pOTU031,48,0.007937131,NN
pOTU016_pOTU015,48,9.23E-09,NN
pOTU016_pOTU014,46,0.004687701,NN
pOTU016_pOTU012,48,0.001251573,NN
pOTU016_pOTU013,46,5.81E-07,NN
pOTU016_pOTU006,46,0.000755771,NN
pOTU016_pOTU009,44,0.04374775,NN
pOTU016_pOTU001,48,0.01148287,NN
pOTU020_pOTU047,42,0.300755778,NN
pOTU020_pOTU049,44,0.197041027,NN
pOTU020_pOTU036,48,0.515749765,NN
pOTU020_pOTU022,46,0.2840566,NN
pOTU020_pOTU005,44,0.11924704,NN
pOTU020_pOTU004,42,0.079293917,NN
pOTU020_pOTU003,44,0.089069279,NN
pOTU020_pOTU043,46,0.188079904,NN
pOTU020_pOTU046,52,0.075989034,NN
pOTU020_pOTU045,46,0.028378877,NN
pOTU020_pOTU041,52,0.064871995,NN
pOTU020_pOTU044,46,0.051752347,NN
pOTU020_pOTU042,52,0.038084746,NN
pOTU020_pOTU039,46,0.067135972,NN
pOTU020_pOTU038,52,0.087879114,NN
pOTU020_pOTU034,46,0.118460889,NN
pOTU020_pOTU035,46,0.084139703,NN
pOTU020_pOTU033,46,0.091491791,NN
pOTU020_pOTU025,46,0.096021879,NN
pOTU020_pOTU026,46,0.088746993,NN
pOTU020_pOTU027,52,0.057674077,NN
pOTU020_pOTU019,44,0.144131424,NN
pOTU020_pOTU021,48,0.093694479,NN
pOTU020_pOTU024,46,0.069983491,NN
pOTU020_pOTU052,44,0.255275365,NN
pOTU020_pOTU030,48,0.419769992,NN
pOTU020_pOTU037,48,9.52E-05,NN
pOTU020_pOTU040,50,0.011886097,NN
pOTU020_pOTU031,48,0.466999734,NN
pOTU020_pOTU015,48,0.000435172,NN
pOTU020_pOTU014,46,0.409035811,NN
pOTU020_pOTU012,48,0.436946766,NN
pOTU020_pOTU013,46,0.001530498,NN
pOTU020_pOTU006,46,0.001097727,NN
pOTU020_pOTU009,44,0.528878381,NN
pOTU020_pOTU001,48,0.436704801,NN
pOTU017_pOTU047,42,0.149300431,NN
pOTU017_pOTU049,44,0.558996136,NN
pOTU017_pOTU036,48,0.042623671,NN
pOTU017_pOTU022,46,0.277288339,NN
pOTU017_pOTU005,44,0.71014865,NN
pOTU017_pOTU004,42,0.610058743,NN
pOTU017_pOTU003,44,0.247908015,NN
pOTU017_pOTU043,46,0.540533778,NN
pOTU017_pOTU046,52,0.672560284,NN
pOTU017_pOTU045,46,0.603604301,NN
pOTU017_pOTU041,52,0.712543782,NN
pOTU017_pOTU044,46,0.652521767,NN
pOTU017_pOTU042,52,0.597009904,NN
pOTU017_pOTU039,46,0.711331453,NN
pOTU017_pOTU038,52,0.682784855,NN
pOTU017_pOTU034,46,0.729076444,NN
pOTU017_pOTU035,46,0.653277019,NN
pOTU017_pOTU033,46,0.826443714,NN
pOTU017_pOTU025,46,0.697086846,NN
pOTU017_pOTU026,46,0.751135886,NN
pOTU017_pOTU027,52,0.766876326,NN
pOTU017_pOTU019,44,0.480471581,NN
pOTU017_pOTU021,48,0.443700885,NN
pOTU017_pOTU024,46,0.505778825,NN
pOTU017_pOTU052,44,0,NN
pOTU017_pOTU030,48,0.038758904,NN
pOTU017_pOTU037,48,0,NN
pOTU017_pOTU040,50,5.22E-09,NN
pOTU017_pOTU031,48,0.006077749,NN
pOTU017_pOTU015,48,4.77E-09,NN
pOTU017_pOTU014,46,0.004227234,NN
pOTU017_pOTU012,48,0.001176547,NN
pOTU017_pOTU013,46,4.63E-07,NN
pOTU017_pOTU006,46,0.000755771,NN
pOTU017_pOTU009,44,0.039623185,NN
pOTU017_pOTU001,48,0.011670399,NN
pOTU008_pOTU047,42,0.168738911,NN
pOTU008_pOTU049,44,0.608214809,NN
pOTU008_pOTU036,48,0.048545891,NN
pOTU008_pOTU022,46,0.300828549,NN
pOTU008_pOTU005,44,0.716403134,NN
pOTU008_pOTU004,42,0.657283927,NN
pOTU008_pOTU003,44,0.264604481,NN
pOTU008_pOTU043,46,0.521232816,NN
pOTU008_pOTU046,52,0.685093588,NN
pOTU008_pOTU045,46,0.608443747,NN
pOTU008_pOTU041,52,0.684930198,NN
pOTU008_pOTU044,46,0.610703824,NN
pOTU008_pOTU042,52,0.608469346,NN
pOTU008_pOTU039,46,0.653935625,NN
pOTU008_pOTU038,52,0.726555966,NN
pOTU008_pOTU034,46,0.754005748,NN
pOTU008_pOTU035,46,0.633150969,NN
pOTU008_pOTU033,46,0.807072341,NN
pOTU008_pOTU025,46,0.695206069,NN
pOTU008_pOTU026,46,0.735931593,NN
pOTU008_pOTU027,52,0.748927523,NN
pOTU008_pOTU019,44,0.485082463,NN
pOTU008_pOTU021,48,0.439797517,NN
pOTU008_pOTU024,46,0.51540779,NN
pOTU008_pOTU052,44,0,NN
pOTU008_pOTU030,48,0.044941948,NN
pOTU008_pOTU037,48,3.67E-11,NN
pOTU008_pOTU040,50,9.42E-07,NN
pOTU008_pOTU031,48,0.008773576,NN
pOTU008_pOTU015,48,3.31E-06,NN
pOTU008_pOTU014,46,0.006320915,NN
pOTU008_pOTU012,48,0.004471874,NN
pOTU008_pOTU013,46,3.09E-05,NN
pOTU008_pOTU006,46,0.000755771,NN
pOTU008_pOTU009,44,0.041076723,NN
pOTU008_pOTU001,48,0.014971595,NN
pOTU011_pOTU047,42,0.149544571,NN
pOTU011_pOTU049,44,0.542009686,NN
pOTU011_pOTU036,48,0.042435035,NN
pOTU011_pOTU022,46,0.276264805,NN
pOTU011_pOTU005,44,0.709178543,NN
pOTU011_pOTU004,42,0.705616754,NN
pOTU011_pOTU003,44,0.251092492,NN
pOTU011_pOTU043,46,0.481216068,NN
pOTU011_pOTU046,52,0.706158927,NN
pOTU011_pOTU045,46,0.680052078,NN
pOTU011_pOTU041,52,0.735943794,NN
pOTU011_pOTU044,46,0.652103124,NN
pOTU011_pOTU042,52,0.69987267,NN
pOTU011_pOTU039,46,0.618221713,NN
pOTU011_pOTU038,52,0.729300942,NN
pOTU011_pOTU034,46,0.722183067,NN
pOTU011_pOTU035,46,0.576191079,NN
pOTU011_pOTU033,46,0.798055,NN
pOTU011_pOTU025,46,0.695429533,NN
pOTU011_pOTU026,46,0.713053251,NN
pOTU011_pOTU027,52,0.814118714,NN
pOTU011_pOTU019,44,0.488444708,NN
pOTU011_pOTU021,48,0.482987155,NN
pOTU011_pOTU024,46,0.568369381,NN
pOTU011_pOTU052,44,0,NN
pOTU011_pOTU030,48,0.037798394,NN
pOTU011_pOTU037,48,0,NN
pOTU011_pOTU040,50,0,NN
pOTU011_pOTU031,48,0.006468933,NN
pOTU011_pOTU015,48,0,NN
pOTU011_pOTU014,46,0.004208251,NN
pOTU011_pOTU012,48,0.002149983,NN
pOTU011_pOTU013,46,2.03E-08,NN
pOTU011_pOTU006,46,0.000755771,NN
pOTU011_pOTU009,44,0.035068417,NN
pOTU011_pOTU001,48,0.013220475,NN
pOTU010_pOTU047,42,0.274258078,NN
pOTU010_pOTU049,44,0.521963379,NN
pOTU010_pOTU036,48,0.122165583,NN
pOTU010_pOTU022,46,0.354070731,NN
pOTU010_pOTU005,44,0.452810675,NN
pOTU010_pOTU004,42,0.31184922,NN
pOTU010_pOTU003,44,0.232273384,NN
pOTU010_pOTU043,46,0.576716199,NN
pOTU010_pOTU046,52,0.304709732,NN
pOTU010_pOTU045,46,0.351950232,NN
pOTU010_pOTU041,52,0.382389941,NN
pOTU010_pOTU044,46,0.304109387,NN
pOTU010_pOTU042,52,0.252150204,NN
pOTU010_pOTU039,46,0.161153452,NN
pOTU010_pOTU038,52,0.360701265,NN
pOTU010_pOTU034,46,0.350386935,NN
pOTU010_pOTU035,46,0.170991763,NN
pOTU010_pOTU033,46,0.379737539,NN
pOTU010_pOTU025,46,0.429268373,NN
pOTU010_pOTU026,46,0.373341909,NN
pOTU010_pOTU027,52,0.321078472,NN
pOTU010_pOTU019,44,0.541907661,NN
pOTU010_pOTU021,48,0.492736037,NN
pOTU010_pOTU024,46,0.395162973,NN
pOTU010_pOTU052,44,0,NN
pOTU010_pOTU030,48,0.1242465,NN
pOTU010_pOTU037,48,0.005621461,NN
pOTU010_pOTU040,50,0.01192013,NN
pOTU010_pOTU031,48,0.020962708,NN
pOTU010_pOTU015,48,0.007326091,NN
pOTU010_pOTU014,46,0.019641598,NN
pOTU010_pOTU012,48,0.023857578,NN
pOTU010_pOTU013,46,0.00964268,NN
pOTU010_pOTU006,46,0.000933652,NN
pOTU010_pOTU009,44,0.124290894,NN
pOTU010_pOTU001,48,0.040546026,NN
pOTU051_pOTU047,42,0.123305115,NN
pOTU051_pOTU049,44,7.78E-05,NN
pOTU051_pOTU036,48,0.364006154,NN
pOTU051_pOTU022,46,0.148695822,NN
pOTU051_pOTU005,44,0.01115242,NN
pOTU051_pOTU004,42,0.00023013,NN
pOTU051_pOTU003,44,0.047593734,NN
pOTU051_pOTU043,46,1.00E-05,NN
pOTU051_pOTU046,52,0,NN
pOTU051_pOTU045,46,0,NN
pOTU051_pOTU041,52,8.19E-10,NN
pOTU051_pOTU044,46,0,NN
pOTU051_pOTU042,52,0,NN
pOTU051_pOTU039,46,0,NN
pOTU051_pOTU038,52,2.51E-10,NN
pOTU051_pOTU034,46,0.002374545,NN
pOTU051_pOTU035,46,1.43E-09,NN
pOTU051_pOTU033,46,1.84E-07,NN
pOTU051_pOTU025,46,7.09E-10,NN
pOTU051_pOTU026,46,0.006945788,NN
pOTU051_pOTU027,52,0,NN
pOTU051_pOTU019,44,0.005288721,NN
pOTU051_pOTU021,48,1.30E-06,NN
pOTU051_pOTU024,46,0,NN
pOTU051_pOTU052,44,0.59635903,NN
pOTU051_pOTU030,48,0.538108468,NN
pOTU051_pOTU037,48,0.02527654,NN
pOTU051_pOTU040,50,0.046331897,NN
pOTU051_pOTU031,48,0.700765265,NN
pOTU051_pOTU015,48,0.02482628,NN
pOTU051_pOTU014,46,0.584757461,NN
pOTU051_pOTU012,48,0.744527873,NN
pOTU051_pOTU013,46,0.027250132,NN
pOTU051_pOTU006,46,0.015662616,NN
pOTU051_pOTU009,44,0.69077154,NN
pOTU051_pOTU001,48,0.407256082,NN
pOTU052_pOTU047,44,0.049493025,NN
pOTU052_pOTU059,44,0,NN
pOTU052_pOTU054,44,0.643569075,NN
pOTU052_pOTU036,48,0.19417083,NN
pOTU052_pOTU022,46,0.090482837,NN
pOTU052_pOTU004,44,0.000163518,NN
pOTU052_pOTU002,44,0.189972596,NN
pOTU052_pOTU043,46,7.77E-10,NN
pOTU052_pOTU046,52,0,NN
pOTU052_pOTU045,46,0,NN
pOTU052_pOTU048,44,0,NN
pOTU052_pOTU041,52,0,NN
pOTU052_pOTU044,46,0,NN
pOTU052_pOTU042,52,0,NN
pOTU052_pOTU039,46,0,NN
pOTU052_pOTU032,44,0,NN
pOTU052_pOTU038,52,0,NN
pOTU052_pOTU034,46,0.002369527,NN
pOTU052_pOTU035,46,0,NN
pOTU052_pOTU033,46,0,NN
pOTU052_pOTU029,44,0,NN
pOTU052_pOTU025,46,0,NN
pOTU052_pOTU023,44,0,NN
pOTU052_pOTU026,46,0,NN
pOTU052_pOTU028,44,2.32E-06,NN
pOTU052_pOTU027,52,0,NN
pOTU052_pOTU021,48,0,NN
pOTU052_pOTU018,44,0,NN
pOTU052_pOTU024,46,0,NN
pOTU052_pOTU016,44,0,NN
pOTU052_pOTU020,44,0.255275365,NN
pOTU052_pOTU017,44,0,NN
pOTU052_pOTU008,44,0,NN
pOTU052_pOTU011,44,0,NN
pOTU052_pOTU010,44,0,NN
pOTU052_pOTU051,44,0.59635903,NN
pOTU052_pOTU030,48,0.37335216,NN
pOTU052_pOTU037,48,0,NN
pOTU052_pOTU040,50,0.010849263,NN
pOTU052_pOTU031,48,0.53984419,NN
pOTU052_pOTU015,48,0,NN
pOTU052_pOTU014,46,0.434118843,NN
pOTU052_pOTU012,48,0.510309708,NN
pOTU052_pOTU013,46,0.001062749,NN
pOTU052_pOTU006,46,0.000753295,NN
pOTU052_pOTU007,44,0.370694536,NN
pOTU052_pOTU001,48,0.263012546,NN
pOTU030_pOTU047,48,0.206689663,NN
pOTU030_pOTU059,48,0.043330982,NN
pOTU030_pOTU049,48,0.087293502,NN
pOTU030_pOTU054,48,0.577940941,NN
pOTU030_pOTU022,48,0.233037522,NN
pOTU030_pOTU005,48,0.088253795,NN
pOTU030_pOTU004,48,0.052717092,NN
pOTU030_pOTU003,48,0.054971215,NN
pOTU030_pOTU002,48,0.371726374,NN
pOTU030_pOTU043,48,0.086426961,NN
pOTU030_pOTU046,52,0.040356547,NN
pOTU030_pOTU045,48,0.008412168,NN
pOTU030_pOTU048,48,0.004183679,NN
pOTU030_pOTU041,52,0.028776203,NN
pOTU030_pOTU044,48,0.030377222,NN
pOTU030_pOTU042,52,0.017014689,NN
pOTU030_pOTU039,48,0.044874675,NN
pOTU030_pOTU032,48,0.054657842,NN
pOTU030_pOTU038,52,0.036988025,NN
pOTU030_pOTU034,48,0.076088653,NN
pOTU030_pOTU035,48,0.048736991,NN
pOTU030_pOTU033,48,0.052705498,NN
pOTU030_pOTU029,48,0.038374138,NN
pOTU030_pOTU025,48,0.049844135,NN
pOTU030_pOTU023,48,0.025041134,NN
pOTU030_pOTU026,48,0.061136329,NN
pOTU030_pOTU028,48,0.129084315,NN
pOTU030_pOTU027,52,0.02554035,NN
pOTU030_pOTU019,48,0.087692995,NN
pOTU030_pOTU018,48,0.110764443,NN
pOTU030_pOTU024,48,0.041700074,NN
pOTU030_pOTU016,48,0.042203812,NN
pOTU030_pOTU020,48,0.419769992,NN
pOTU030_pOTU017,48,0.038758904,NN
pOTU030_pOTU008,48,0.044941948,NN
pOTU030_pOTU011,48,0.037798394,NN
pOTU030_pOTU010,48,0.1242465,NN
pOTU030_pOTU051,48,0.538108468,NN
pOTU030_pOTU052,48,0.37335216,NN
pOTU030_pOTU040,50,0.015083428,NN
pOTU030_pOTU014,48,0.531511603,NN
pOTU030_pOTU013,48,0.004002902,NN
pOTU030_pOTU006,48,0.000937314,NN
pOTU030_pOTU009,48,0.609862661,NN
pOTU030_pOTU007,48,0.466206198,NN
pOTU037_pOTU047,48,0.099096171,NN
pOTU037_pOTU059,48,4.30E-10,NN
pOTU037_pOTU049,48,0,NN
pOTU037_pOTU054,48,0.005056227,NN
pOTU037_pOTU022,48,0.088288182,NN
pOTU037_pOTU005,48,0.036140106,NN
pOTU037_pOTU004,48,0.003958418,NN
pOTU037_pOTU003,48,0.319254137,NN
pOTU037_pOTU002,48,0.101504477,NN
pOTU037_pOTU043,48,7.39E-08,NN
pOTU037_pOTU046,52,0,NN
pOTU037_pOTU045,48,0,NN
pOTU037_pOTU048,48,0,NN
pOTU037_pOTU041,52,0,NN
pOTU037_pOTU044,48,0,NN
pOTU037_pOTU042,52,0,NN
pOTU037_pOTU039,48,0,NN
pOTU037_pOTU032,48,0,NN
pOTU037_pOTU038,52,1.65E-09,NN
pOTU037_pOTU034,48,3.44E-05,NN
pOTU037_pOTU035,48,0,NN
pOTU037_pOTU033,48,0.000244488,NN
pOTU037_pOTU029,48,0,NN
pOTU037_pOTU025,48,2.69E-09,NN
pOTU037_pOTU023,48,0,NN
pOTU037_pOTU026,48,0.032785715,NN
pOTU037_pOTU028,48,3.13E-07,NN
pOTU037_pOTU027,52,0,NN
pOTU037_pOTU019,48,0.007978869,NN
pOTU037_pOTU018,48,1.40E-08,NN
pOTU037_pOTU024,48,0.000142164,NN
pOTU037_pOTU016,48,0,NN
pOTU037_pOTU020,48,9.52E-05,NN
pOTU037_pOTU017,48,0,NN
pOTU037_pOTU008,48,3.67E-11,NN
pOTU037_pOTU011,48,0,NN
pOTU037_pOTU010,48,0.005621461,NN
pOTU037_pOTU051,48,0.02527654,NN
pOTU037_pOTU052,48,0,NN
pOTU037_pOTU040,50,0.582342259,NN
pOTU037_pOTU014,48,0.00141806,NN
pOTU037_pOTU013,48,0.831780015,NN
pOTU037_pOTU006,48,0.376502032,NN
pOTU037_pOTU009,48,0.053074021,NN
pOTU037_pOTU007,48,0.117093603,NN
pOTU040_pOTU047,50,0.186454176,NN
pOTU040_pOTU059,50,1.53E-06,NN
pOTU040_pOTU049,50,1.34E-07,NN
pOTU040_pOTU054,50,0.019147181,NN
pOTU040_pOTU036,50,0.167660317,NN
pOTU040_pOTU022,50,0.197723918,NN
pOTU040_pOTU005,50,0.051505005,NN
pOTU040_pOTU004,50,0.005619956,NN
pOTU040_pOTU003,50,0.488778786,NN
pOTU040_pOTU002,50,0.206300864,NN
pOTU040_pOTU043,50,7.38E-06,NN
pOTU040_pOTU046,52,2.99E-07,NN
pOTU040_pOTU045,50,0,NN
pOTU040_pOTU048,50,0,NN
pOTU040_pOTU041,52,0,NN
pOTU040_pOTU044,50,2.95E-08,NN
pOTU040_pOTU042,52,0,NN
pOTU040_pOTU039,50,3.62E-08,NN
pOTU040_pOTU032,50,0,NN
pOTU040_pOTU038,52,2.70E-06,NN
pOTU040_pOTU034,50,0.002776577,NN
pOTU040_pOTU035,50,0,NN
pOTU040_pOTU033,50,0.001221567,NN
pOTU040_pOTU029,50,0,NN
pOTU040_pOTU025,50,3.51E-06,NN
pOTU040_pOTU023,50,0,NN
pOTU040_pOTU026,50,0.044732356,NN
pOTU040_pOTU028,50,1.46E-05,NN
pOTU040_pOTU027,52,7.31E-10,NN
pOTU040_pOTU019,50,0.012845531,NN
pOTU040_pOTU021,50,0.005909018,NN
pOTU040_pOTU018,50,4.03E-06,NN
pOTU040_pOTU024,50,0.001067817,NN
pOTU040_pOTU016,50,5.71E-09,NN
pOTU040_pOTU020,50,0.011886097,NN
pOTU040_pOTU017,50,5.22E-09,NN
pOTU040_pOTU008,50,9.42E-07,NN
pOTU040_pOTU011,50,0,NN
pOTU040_pOTU010,50,0.01192013,NN
pOTU040_pOTU051,50,0.046331897,NN
pOTU040_pOTU052,50,0.010849263,NN
pOTU040_pOTU030,50,0.015083428,NN
pOTU040_pOTU037,50,0.582342259,NN
pOTU040_pOTU040,0,0,NN
pOTU040_pOTU031,50,0.019586491,NN
pOTU040_pOTU015,50,0.622174688,NN
pOTU040_pOTU014,50,0.014614199,NN
pOTU040_pOTU012,50,0.06497394,NN
pOTU040_pOTU013,50,0.666709626,NN
pOTU040_pOTU006,50,0.201356181,NN
pOTU040_pOTU009,50,0.107508646,NN
pOTU040_pOTU007,50,0.177627824,NN
pOTU040_pOTU001,50,0.298399509,NN
pOTU031_pOTU047,48,0.115640755,NN
pOTU031_pOTU059,48,0.005698953,NN
pOTU031_pOTU049,48,0.022347331,NN
pOTU031_pOTU054,48,0.684061477,NN
pOTU031_pOTU022,48,0.16556158,NN
pOTU031_pOTU005,48,0.023831955,NN
pOTU031_pOTU004,48,0.007430634,NN
pOTU031_pOTU003,48,0.020197422,NN
pOTU031_pOTU002,48,0.29241929,NN
pOTU031_pOTU043,48,0.018400184,NN
pOTU031_pOTU046,52,0.004609711,NN
pOTU031_pOTU045,48,0.000116441,NN
pOTU031_pOTU048,48,5.54E-06,NN
pOTU031_pOTU041,52,0.005606231,NN
pOTU031_pOTU044,48,0.001954898,NN
pOTU031_pOTU042,52,0.001123609,NN
pOTU031_pOTU039,48,0.008185636,NN
pOTU031_pOTU032,48,0.012138592,NN
pOTU031_pOTU038,52,0.005949795,NN
pOTU031_pOTU034,48,0.01699215,NN
pOTU031_pOTU035,48,0.011287505,NN
pOTU031_pOTU033,48,0.008876499,NN
pOTU031_pOTU029,48,0.008017826,NN
pOTU031_pOTU025,48,0.008228646,NN
pOTU031_pOTU023,48,0.004924017,NN
pOTU031_pOTU026,48,0.017497757,NN
pOTU031_pOTU028,48,0.023828503,NN
pOTU031_pOTU027,52,0.005842989,NN
pOTU031_pOTU019,48,0.019433501,NN
pOTU031_pOTU018,48,0.022793748,NN
pOTU031_pOTU024,48,0.004956563,NN
pOTU031_pOTU016,48,0.007937131,NN
pOTU031_pOTU020,48,0.466999734,NN
pOTU031_pOTU017,48,0.006077749,NN
pOTU031_pOTU008,48,0.008773576,NN
pOTU031_pOTU011,48,0.006468933,NN
pOTU031_pOTU010,48,0.020962708,NN
pOTU031_pOTU051,48,0.700765265,NN
pOTU031_pOTU052,48,0.53984419,NN
pOTU031_pOTU040,50,0.019586491,NN
pOTU031_pOTU014,48,0.699158887,NN
pOTU031_pOTU013,48,0.008307461,NN
pOTU031_pOTU006,48,0.005276367,NN
pOTU031_pOTU009,48,0.638278696,NN
pOTU031_pOTU007,48,0.602366502,NN
pOTU015_pOTU047,48,0.107029809,NN
pOTU015_pOTU059,48,1.50E-05,NN
pOTU015_pOTU049,48,4.17E-07,NN
pOTU015_pOTU054,48,0.00568911,NN
pOTU015_pOTU022,48,0.116283726,NN
pOTU015_pOTU005,48,0.04145865,NN
pOTU015_pOTU004,48,0.004843558,NN
pOTU015_pOTU003,48,0.336416449,NN
pOTU015_pOTU002,48,0.125923172,NN
pOTU015_pOTU043,48,2.83E-05,NN
pOTU015_pOTU046,52,3.65E-06,NN
pOTU015_pOTU045,48,0,NN
pOTU015_pOTU048,48,0,NN
pOTU015_pOTU041,52,0,NN
pOTU015_pOTU044,48,5.30E-08,NN
pOTU015_pOTU042,52,0,NN
pOTU015_pOTU039,48,9.51E-08,NN
pOTU015_pOTU032,48,1.49E-11,NN
pOTU015_pOTU038,52,9.03E-06,NN
pOTU015_pOTU034,48,0.000518329,NN
pOTU015_pOTU035,48,1.49E-11,NN
pOTU015_pOTU033,48,0.000936717,NN
pOTU015_pOTU029,48,0,NN
pOTU015_pOTU025,48,1.29E-05,NN
pOTU015_pOTU023,48,0,NN
pOTU015_pOTU026,48,0.036602851,NN
pOTU015_pOTU028,48,0.000139894,NN
pOTU015_pOTU027,52,1.41E-09,NN
pOTU015_pOTU019,48,0.00916931,NN
pOTU015_pOTU018,48,1.77E-05,NN
pOTU015_pOTU024,48,0.000813965,NN
pOTU015_pOTU016,48,9.23E-09,NN
pOTU015_pOTU020,48,0.000435172,NN
pOTU015_pOTU017,48,4.77E-09,NN
pOTU015_pOTU008,48,3.31E-06,NN
pOTU015_pOTU011,48,0,NN
pOTU015_pOTU010,48,0.007326091,NN
pOTU015_pOTU051,48,0.02482628,NN
pOTU015_pOTU052,48,0,NN
pOTU015_pOTU040,50,0.622174688,NN
pOTU015_pOTU014,48,0.002230089,NN
pOTU015_pOTU013,48,0.900101167,NN
pOTU015_pOTU006,48,0.367456333,NN
pOTU015_pOTU009,48,0.063735244,NN
pOTU015_pOTU007,48,0.118172764,NN
pOTU014_pOTU047,46,0.095093337,NN
pOTU014_pOTU059,46,0.004305978,NN
pOTU014_pOTU049,46,0.014457824,NN
pOTU014_pOTU054,46,0.545067335,NN
pOTU014_pOTU036,48,0.339999654,NN
pOTU014_pOTU005,46,0.021784498,NN
pOTU014_pOTU004,46,0.00989744,NN
pOTU014_pOTU003,46,0.014336384,NN
pOTU014_pOTU002,46,0.26803643,NN
pOTU014_pOTU046,52,0.00365322,NN
pOTU014_pOTU048,46,0.000179528,NN
pOTU014_pOTU041,52,0.003959065,NN
pOTU014_pOTU042,52,0.001136093,NN
pOTU014_pOTU032,46,0.007848105,NN
pOTU014_pOTU038,52,0.00436991,NN
pOTU014_pOTU029,46,0.004493271,NN
pOTU014_pOTU023,46,0.003093637,NN
pOTU014_pOTU028,46,0.01566433,NN
pOTU014_pOTU027,52,0.004018024,NN
pOTU014_pOTU019,46,0.017035199,NN
pOTU014_pOTU021,48,0.009609519,NN
pOTU014_pOTU018,46,0.015300573,NN
pOTU014_pOTU016,46,0.004687701,NN
pOTU014_pOTU020,46,0.409035811,NN
pOTU014_pOTU017,46,0.004227234,NN
pOTU014_pOTU008,46,0.006320915,NN
pOTU014_pOTU011,46,0.004208251,NN
pOTU014_pOTU010,46,0.019641598,NN
pOTU014_pOTU051,46,0.584757461,NN
pOTU014_pOTU052,46,0.434118843,NN
pOTU014_pOTU030,48,0.531511603,NN
pOTU014_pOTU037,48,0.00141806,NN
pOTU014_pOTU040,50,0.014614199,NN
pOTU014_pOTU031,48,0.699158887,NN
pOTU014_pOTU015,48,0.002230089,NN
pOTU014_pOTU012,48,0.636475203,NN
pOTU014_pOTU009,46,0.594393385,NN
pOTU014_pOTU007,46,0.527360057,NN
pOTU014_pOTU001,48,0.389015691,NN
pOTU012_pOTU047,48,0.162758817,NN
pOTU012_pOTU059,48,0.001643084,NN
pOTU012_pOTU049,48,0.022880205,NN
pOTU012_pOTU054,48,0.691127846,NN
pOTU012_pOTU022,48,0.190911552,NN
pOTU012_pOTU005,48,0.028785518,NN
pOTU012_pOTU004,48,0.006725659,NN
pOTU012_pOTU003,48,0.061624288,NN
pOTU012_pOTU002,48,0.329818423,NN
pOTU012_pOTU043,48,0.012701086,NN
pOTU012_pOTU046,52,0.00140353,NN
pOTU012_pOTU045,48,0.000228183,NN
pOTU012_pOTU048,48,4.04E-05,NN
pOTU012_pOTU041,52,0.002431356,NN
pOTU012_pOTU044,48,0.000983313,NN
pOTU012_pOTU042,52,0.000549745,NN
pOTU012_pOTU039,48,0.001443519,NN
pOTU012_pOTU032,48,0.006295261,NN
pOTU012_pOTU038,52,0.001857333,NN
pOTU012_pOTU034,48,0.013496449,NN
pOTU012_pOTU035,48,0.004204539,NN
pOTU012_pOTU033,48,0.003750762,NN
pOTU012_pOTU029,48,0.002016039,NN
pOTU012_pOTU025,48,0.004179491,NN
pOTU012_pOTU023,48,0.000893025,NN
pOTU012_pOTU026,48,0.023154044,NN
pOTU012_pOTU028,48,0.029542951,NN
pOTU012_pOTU027,52,0.001652152,NN
pOTU012_pOTU019,48,0.016995758,NN
pOTU012_pOTU018,48,0.026053101,NN
pOTU012_pOTU024,48,0.002940384,NN
pOTU012_pOTU016,48,0.001251573,NN
pOTU012_pOTU020,48,0.436946766,NN
pOTU012_pOTU017,48,0.001176547,NN
pOTU012_pOTU008,48,0.004471874,NN
pOTU012_pOTU011,48,0.002149983,NN
pOTU012_pOTU010,48,0.023857578,NN
pOTU012_pOTU051,48,0.744527873,NN
pOTU012_pOTU052,48,0.510309708,NN
pOTU012_pOTU040,50,0.06497394,NN
pOTU012_pOTU014,48,0.636475203,NN
pOTU012_pOTU013,48,0.045298887,NN
pOTU012_pOTU006,48,0.022975825,NN
pOTU012_pOTU009,48,0.699789469,NN
pOTU012_pOTU007,48,0.638720545,NN
pOTU013_pOTU047,46,0.11434578,NN
pOTU013_pOTU059,46,3.59E-05,NN
pOTU013_pOTU049,46,1.71E-06,NN
pOTU013_pOTU054,46,0.007038168,NN
pOTU013_pOTU036,48,0.104018431,NN
pOTU013_pOTU005,46,0.045113916,NN
pOTU013_pOTU004,46,0.005710704,NN
pOTU013_pOTU003,46,0.353351685,NN
pOTU013_pOTU002,46,0.136494081,NN
pOTU013_pOTU046,52,1.01E-05,NN
pOTU013_pOTU048,46,0,NN
pOTU013_pOTU041,52,1.01E-08,NN
pOTU013_pOTU042,52,0,NN
pOTU013_pOTU032,46,1.23E-07,NN
pOTU013_pOTU038,52,4.57E-05,NN
pOTU013_pOTU029,46,1.00E-09,NN
pOTU013_pOTU023,46,0,NN
pOTU013_pOTU028,46,6.89E-05,NN
pOTU013_pOTU027,52,1.04E-07,NN
pOTU013_pOTU019,46,0.011569898,NN
pOTU013_pOTU021,48,0.005782633,NN
pOTU013_pOTU018,46,3.02E-05,NN
pOTU013_pOTU016,46,5.81E-07,NN
pOTU013_pOTU020,46,0.001530498,NN
pOTU013_pOTU017,46,4.63E-07,NN
pOTU013_pOTU008,46,3.09E-05,NN
pOTU013_pOTU011,46,2.03E-08,NN
pOTU013_pOTU010,46,0.00964268,NN
pOTU013_pOTU051,46,0.027250132,NN
pOTU013_pOTU052,46,0.001062749,NN
pOTU013_pOTU030,48,0.004002902,NN
pOTU013_pOTU037,48,0.831780015,NN
pOTU013_pOTU040,50,0.666709626,NN
pOTU013_pOTU031,48,0.008307461,NN
pOTU013_pOTU015,48,0.900101167,NN
pOTU013_pOTU012,48,0.045298887,NN
pOTU013_pOTU009,46,0.069873354,NN
pOTU013_pOTU007,46,0.125934663,NN
pOTU013_pOTU001,48,0.200950755,NN
pOTU006_pOTU047,46,0.033505754,NN
pOTU006_pOTU059,46,0.000755771,NN
pOTU006_pOTU049,46,0.000755771,NN
pOTU006_pOTU054,46,0.00127905,NN
pOTU006_pOTU036,48,0.018755411,NN
pOTU006_pOTU005,46,0.006781379,NN
pOTU006_pOTU004,46,0.000846127,NN
pOTU006_pOTU003,46,0.134482976,NN
pOTU006_pOTU002,46,0.025007938,NN
pOTU006_pOTU046,52,0.000755771,NN
pOTU006_pOTU048,46,0.000755771,NN
pOTU006_pOTU041,52,0.000755771,NN
pOTU006_pOTU042,52,0.000755771,NN
pOTU006_pOTU032,46,0.000755771,NN
pOTU006_pOTU038,52,0.000755771,NN
pOTU006_pOTU029,46,0.000755771,NN
pOTU006_pOTU023,46,0.000755771,NN
pOTU006_pOTU028,46,0.000755771,NN
pOTU006_pOTU027,52,0.000755771,NN
pOTU006_pOTU019,46,0.004104716,NN
pOTU006_pOTU021,48,0.000755771,NN
pOTU006_pOTU018,46,0.000755771,NN
pOTU006_pOTU016,46,0.000755771,NN
pOTU006_pOTU020,46,0.001097727,NN
pOTU006_pOTU017,46,0.000755771,NN
pOTU006_pOTU008,46,0.000755771,NN
pOTU006_pOTU011,46,0.000755771,NN
pOTU006_pOTU010,46,0.000933652,NN
pOTU006_pOTU051,46,0.015662616,NN
pOTU006_pOTU052,46,0.000753295,NN
pOTU006_pOTU030,48,0.000937314,NN
pOTU006_pOTU037,48,0.376502032,NN
pOTU006_pOTU040,50,0.201356181,NN
pOTU006_pOTU031,48,0.005276367,NN
pOTU006_pOTU015,48,0.367456333,NN
pOTU006_pOTU012,48,0.022975825,NN
pOTU006_pOTU009,46,0.01110085,NN
pOTU006_pOTU007,46,0.060714787,NN
pOTU006_pOTU001,48,0.071494216,NN
pOTU009_pOTU047,44,0.304355347,NN
pOTU009_pOTU059,44,0.046078136,NN
pOTU009_pOTU054,44,0.626054688,NN
pOTU009_pOTU036,48,0.572592193,NN
pOTU009_pOTU022,46,0.344828802,NN
pOTU009_pOTU004,44,0.058184167,NN
pOTU009_pOTU002,44,0.479974071,NN
pOTU009_pOTU043,46,0.075779236,NN
pOTU009_pOTU046,52,0.040046837,NN
pOTU009_pOTU045,46,0.004389395,NN
pOTU009_pOTU048,44,0.001169157,NN
pOTU009_pOTU041,52,0.025115868,NN
pOTU009_pOTU044,46,0.028785968,NN
pOTU009_pOTU042,52,0.013718916,NN
pOTU009_pOTU039,46,0.04797042,NN
pOTU009_pOTU032,44,0.045221492,NN
pOTU009_pOTU038,52,0.036792414,NN
pOTU009_pOTU034,46,0.073002712,NN
pOTU009_pOTU035,46,0.048066847,NN
pOTU009_pOTU033,46,0.053166978,NN
pOTU009_pOTU029,44,0.036664488,NN
pOTU009_pOTU025,46,0.046067213,NN
pOTU009_pOTU023,44,0.02423054,NN
pOTU009_pOTU026,46,0.10276901,NN
pOTU009_pOTU028,44,0.116688603,NN
pOTU009_pOTU027,52,0.024132092,NN
pOTU009_pOTU021,48,0.058493534,NN
pOTU009_pOTU018,44,0.097836142,NN
pOTU009_pOTU024,46,0.043250266,NN
pOTU009_pOTU016,44,0.04374775,NN
pOTU009_pOTU020,44,0.528878381,NN
pOTU009_pOTU017,44,0.039623185,NN
pOTU009_pOTU008,44,0.041076723,NN
pOTU009_pOTU011,44,0.035068417,NN
pOTU009_pOTU010,44,0.124290894,NN
pOTU009_pOTU051,44,0.69077154,NN
pOTU009_pOTU030,48,0.609862661,NN
pOTU009_pOTU037,48,0.053074021,NN
pOTU009_pOTU040,50,0.107508646,NN
pOTU009_pOTU031,48,0.638278696,NN
pOTU009_pOTU015,48,0.063735244,NN
pOTU009_pOTU014,46,0.594393385,NN
pOTU009_pOTU012,48,0.699789469,NN
pOTU009_pOTU013,46,0.069873354,NN
pOTU009_pOTU006,46,0.01110085,NN
pOTU009_pOTU007,44,0.647006508,NN
pOTU009_pOTU001,48,0.494792002,NN
pOTU007_pOTU047,42,0.299540094,NN
pOTU007_pOTU049,44,0.018159817,NN
pOTU007_pOTU036,48,0.516008461,NN
pOTU007_pOTU022,46,0.244825718,NN
pOTU007_pOTU005,44,0.054705207,NN
pOTU007_pOTU004,42,0.020497252,NN
pOTU007_pOTU003,44,0.279931864,NN
pOTU007_pOTU043,46,0.018853218,NN
pOTU007_pOTU046,52,0.014003962,NN
pOTU007_pOTU045,46,0.008037189,NN
pOTU007_pOTU041,52,0.013027578,NN
pOTU007_pOTU044,46,0.011471955,NN
pOTU007_pOTU042,52,0.009236385,NN
pOTU007_pOTU039,46,0.012209655,NN
pOTU007_pOTU038,52,0.014451125,NN
pOTU007_pOTU034,46,0.023134602,NN
pOTU007_pOTU035,46,0.013806188,NN
pOTU007_pOTU033,46,0.018512484,NN
pOTU007_pOTU025,46,0.015787189,NN
pOTU007_pOTU026,46,0.053171497,NN
pOTU007_pOTU027,52,0.012972296,NN
pOTU007_pOTU019,44,0.032094226,NN
pOTU007_pOTU021,48,0.020792822,NN
pOTU007_pOTU024,46,0.016198171,NN
pOTU007_pOTU052,44,0.370694536,NN
pOTU007_pOTU030,48,0.466206198,NN
pOTU007_pOTU037,48,0.117093603,NN
pOTU007_pOTU040,50,0.177627824,NN
pOTU007_pOTU031,48,0.602366502,NN
pOTU007_pOTU015,48,0.118172764,NN
pOTU007_pOTU014,46,0.527360057,NN
pOTU007_pOTU012,48,0.638720545,NN
pOTU007_pOTU013,46,0.125934663,NN
pOTU007_pOTU006,46,0.060714787,NN
pOTU007_pOTU009,44,0.647006508,NN
pOTU007_pOTU001,48,0.701524758,NN
pOTU001_pOTU047,48,0.415419258,NN
pOTU001_pOTU059,48,0.012368517,NN
pOTU001_pOTU049,48,0.022026228,NN
pOTU001_pOTU054,48,0.344024475,NN
pOTU001_pOTU022,48,0.36867891,NN
pOTU001_pOTU005,48,0.076571716,NN
pOTU001_pOTU004,48,0.022607159,NN
pOTU001_pOTU003,48,0.43272313,NN
pOTU001_pOTU002,48,0.478317654,NN
pOTU001_pOTU043,48,0.021205977,NN
pOTU001_pOTU046,52,0.013383603,NN
pOTU001_pOTU045,48,0.006704282,NN
pOTU001_pOTU048,48,0.0040341,NN
pOTU001_pOTU041,52,0.012784398,NN
pOTU001_pOTU044,48,0.010383647,NN
pOTU001_pOTU042,52,0.008278383,NN
pOTU001_pOTU039,48,0.012194396,NN
pOTU001_pOTU032,48,0.016278526,NN
pOTU001_pOTU038,52,0.014318016,NN
pOTU001_pOTU034,48,0.025888063,NN
pOTU001_pOTU035,48,0.014544255,NN
pOTU001_pOTU033,48,0.0190177,NN
pOTU001_pOTU029,48,0.013585257,NN
pOTU001_pOTU025,48,0.016287391,NN
pOTU001_pOTU023,48,0.010360591,NN
pOTU001_pOTU026,48,0.065600456,NN
pOTU001_pOTU028,48,0.026696061,NN
pOTU001_pOTU027,52,0.012743844,NN
pOTU001_pOTU019,48,0.036480749,NN
pOTU001_pOTU018,48,0.024032135,NN
pOTU001_pOTU024,48,0.016709575,NN
pOTU001_pOTU016,48,0.01148287,NN
pOTU001_pOTU020,48,0.436704801,NN
pOTU001_pOTU017,48,0.011670399,NN
pOTU001_pOTU008,48,0.014971595,NN
pOTU001_pOTU011,48,0.013220475,NN
pOTU001_pOTU010,48,0.040546026,NN
pOTU001_pOTU051,48,0.407256082,NN
pOTU001_pOTU052,48,0.263012546,NN
pOTU001_pOTU040,50,0.298399509,NN
pOTU001_pOTU014,48,0.389015691,NN
pOTU001_pOTU013,48,0.200950755,NN
pOTU001_pOTU006,48,0.071494216,NN
pOTU001_pOTU009,48,0.494792002,NN
pOTU001_pOTU007,48,0.701524758,NN
pOTU059_pOTU059,0,0,PIC01a
pOTU059_pOTU054,38,0.005186195,PIC01a
pOTU059_pOTU002,30,0.212108794,PIC01a
pOTU059_pOTU048,22,0.092384642,PIC01a
pOTU059_pOTU032,26,0.424779015,PIC01a
pOTU059_pOTU029,6,0.14740678,PIC01a
pOTU059_pOTU023,22,0.113202554,PIC01a
pOTU059_pOTU028,8,0.241736702,PIC01a
pOTU059_pOTU018,22,0.175493628,PIC01a
pOTU059_pOTU016,22,0.104974751,PIC01a
pOTU059_pOTU020,28,0.059441973,PIC01a
pOTU059_pOTU017,6,0.17430076,PIC01a
pOTU059_pOTU008,22,0.17870085,PIC01a
pOTU059_pOTU011,24,0.200126384,PIC01a
pOTU059_pOTU010,22,0.37058492,PIC01a
pOTU059_pOTU051,38,0,PIC01a
pOTU059_pOTU007,36,0.012316107,PIC01a
pOTU054_pOTU059,38,0.005186195,PIC01a
pOTU054_pOTU054,0,0,PIC01a
pOTU054_pOTU002,38,0.292854026,PIC01a
pOTU054_pOTU048,38,0.011771173,PIC01a
pOTU054_pOTU032,38,0.039651927,PIC01a
pOTU054_pOTU029,38,0.023447777,PIC01a
pOTU054_pOTU023,38,0.017393391,PIC01a
pOTU054_pOTU028,38,0.046914562,PIC01a
pOTU054_pOTU018,38,0.046815229,PIC01a
pOTU054_pOTU016,38,0.018408002,PIC01a
pOTU054_pOTU020,38,0.378400616,PIC01a
pOTU054_pOTU017,38,0.01722417,PIC01a
pOTU054_pOTU008,38,0.03160973,PIC01a
pOTU054_pOTU011,38,0.023508023,PIC01a
pOTU054_pOTU010,38,0.046711842,PIC01a
pOTU054_pOTU051,2,0.80595595,PIC01a
pOTU054_pOTU007,38,0.526228217,PIC01a
pOTU002_pOTU059,30,0.212108794,PIC01a
pOTU002_pOTU054,38,0.292854026,PIC01a
pOTU002_pOTU002,0,0,PIC01a
pOTU002_pOTU048,30,0.1222992,PIC01a
pOTU002_pOTU032,30,0.330038139,PIC01a
pOTU002_pOTU029,30,0.239158848,PIC01a
pOTU002_pOTU023,30,0.20533617,PIC01a
pOTU002_pOTU028,30,0.387705717,PIC01a
pOTU002_pOTU018,30,0.313235428,PIC01a
pOTU002_pOTU016,30,0.196367606,PIC01a
pOTU002_pOTU020,30,0.378880407,PIC01a
pOTU002_pOTU017,30,0.22873393,PIC01a
pOTU002_pOTU008,30,0.252913168,PIC01a
pOTU002_pOTU011,30,0.237704563,PIC01a
pOTU002_pOTU010,30,0.37251923,PIC01a
pOTU002_pOTU051,38,0.272182334,PIC01a
pOTU002_pOTU007,36,0.372643667,PIC01a
pOTU048_pOTU059,22,0.092384642,PIC01a
pOTU048_pOTU054,38,0.011771173,PIC01a
pOTU048_pOTU002,30,0.1222992,PIC01a
pOTU048_pOTU048,0,0,PIC01a
pOTU048_pOTU032,26,0.396019593,PIC01a
pOTU048_pOTU029,22,0.416857566,PIC01a
pOTU048_pOTU023,18,0.599649289,PIC01a
pOTU048_pOTU028,22,0.156144468,PIC01a
pOTU048_pOTU018,18,0.111535064,PIC01a
pOTU048_pOTU016,18,0.533867624,PIC01a
pOTU048_pOTU020,28,0.014888068,PIC01a
pOTU048_pOTU017,22,0.495203261,PIC01a
pOTU048_pOTU008,8,0.501872682,PIC01a
pOTU048_pOTU011,24,0.576391188,PIC01a
pOTU048_pOTU010,18,0.138464172,PIC01a
pOTU048_pOTU051,38,0,PIC01a
pOTU048_pOTU007,36,0.005317242,PIC01a
pOTU032_pOTU059,26,0.424779015,PIC01a
pOTU032_pOTU054,38,0.039651927,PIC01a
pOTU032_pOTU002,30,0.330038139,PIC01a
pOTU032_pOTU048,26,0.396019593,PIC01a
pOTU032_pOTU032,0,0,PIC01a
pOTU032_pOTU029,26,0.43307544,PIC01a
pOTU032_pOTU023,26,0.473510405,PIC01a
pOTU032_pOTU028,26,0.457686392,PIC01a
pOTU032_pOTU018,26,0.334205406,PIC01a
pOTU032_pOTU016,26,0.407548613,PIC01a
pOTU032_pOTU020,28,0.117383163,PIC01a
pOTU032_pOTU017,26,0.5269059,PIC01a
pOTU032_pOTU008,26,0.566793212,PIC01a
pOTU032_pOTU011,26,0.5591804,PIC01a
pOTU032_pOTU010,26,0.557917085,PIC01a
pOTU032_pOTU051,38,4.49E-09,PIC01a
pOTU032_pOTU007,36,0.015244742,PIC01a
pOTU029_pOTU059,6,0.14740678,PIC01a
pOTU029_pOTU054,38,0.023447777,PIC01a
pOTU029_pOTU002,30,0.239158848,PIC01a
pOTU029_pOTU048,22,0.416857566,PIC01a
pOTU029_pOTU032,26,0.43307544,PIC01a
pOTU029_pOTU029,0,0,PIC01a
pOTU029_pOTU023,22,0.720115127,PIC01a
pOTU029_pOTU028,8,0.272874575,PIC01a
pOTU029_pOTU018,22,0.203162494,PIC01a
pOTU029_pOTU016,22,0.714712656,PIC01a
pOTU029_pOTU020,28,0.075187078,PIC01a
pOTU029_pOTU017,2,0.738726154,PIC01a
pOTU029_pOTU008,22,0.754971077,PIC01a
pOTU029_pOTU011,24,0.751032553,PIC01a
pOTU029_pOTU010,22,0.235635189,PIC01a
pOTU029_pOTU051,38,7.03E-11,PIC01a
pOTU029_pOTU007,36,0.013177495,PIC01a
pOTU023_pOTU059,22,0.113202554,PIC01a
pOTU023_pOTU054,38,0.017393391,PIC01a
pOTU023_pOTU002,30,0.20533617,PIC01a
pOTU023_pOTU048,18,0.599649289,PIC01a
pOTU023_pOTU032,26,0.473510405,PIC01a
pOTU023_pOTU029,22,0.720115127,PIC01a
pOTU023_pOTU023,0,0,PIC01a
pOTU023_pOTU028,22,0.226901843,PIC01a
pOTU023_pOTU018,10,0.173755886,PIC01a
pOTU023_pOTU016,4,0.760817466,PIC01a
pOTU023_pOTU020,28,0.05218214,PIC01a
pOTU023_pOTU017,22,0.70601857,PIC01a
pOTU023_pOTU008,18,0.789279337,PIC01a
pOTU023_pOTU011,24,0.77039049,PIC01a
pOTU023_pOTU010,12,0.18122589,PIC01a
pOTU023_pOTU051,38,0,PIC01a
pOTU023_pOTU007,36,0.010704797,PIC01a
pOTU028_pOTU059,8,0.241736702,PIC01a
pOTU028_pOTU054,38,0.046914562,PIC01a
pOTU028_pOTU002,30,0.387705717,PIC01a
pOTU028_pOTU048,22,0.156144468,PIC01a
pOTU028_pOTU032,26,0.457686392,PIC01a
pOTU028_pOTU029,8,0.272874575,PIC01a
pOTU028_pOTU023,22,0.226901843,PIC01a
pOTU028_pOTU028,0,0,PIC01a
pOTU028_pOTU018,22,0.618870465,PIC01a
pOTU028_pOTU016,22,0.230414733,PIC01a
pOTU028_pOTU020,28,0.253118868,PIC01a
pOTU028_pOTU017,8,0.279351971,PIC01a
pOTU028_pOTU008,22,0.323443721,PIC01a
pOTU028_pOTU011,24,0.29093301,PIC01a
pOTU028_pOTU010,22,0.648243492,PIC01a
pOTU028_pOTU051,38,9.04E-05,PIC01a
pOTU028_pOTU007,36,0.020873388,PIC01a
pOTU018_pOTU059,22,0.175493628,PIC01a
pOTU018_pOTU054,38,0.046815229,PIC01a
pOTU018_pOTU002,30,0.313235428,PIC01a
pOTU018_pOTU048,18,0.111535064,PIC01a
pOTU018_pOTU032,26,0.334205406,PIC01a
pOTU018_pOTU029,22,0.203162494,PIC01a
pOTU018_pOTU023,10,0.173755886,PIC01a
pOTU018_pOTU028,22,0.618870465,PIC01a
pOTU018_pOTU018,0,0,PIC01a
pOTU018_pOTU016,10,0.173007196,PIC01a
pOTU018_pOTU020,28,0.221280858,PIC01a
pOTU018_pOTU017,22,0.209938384,PIC01a
pOTU018_pOTU008,18,0.253256729,PIC01a
pOTU018_pOTU011,24,0.214692004,PIC01a
pOTU018_pOTU010,12,0.5472632,PIC01a
pOTU018_pOTU051,38,4.12E-05,PIC01a
pOTU018_pOTU007,36,0.019507433,PIC01a
pOTU016_pOTU059,22,0.104974751,PIC01a
pOTU016_pOTU054,38,0.018408002,PIC01a
pOTU016_pOTU002,30,0.196367606,PIC01a
pOTU016_pOTU048,18,0.533867624,PIC01a
pOTU016_pOTU032,26,0.407548613,PIC01a
pOTU016_pOTU029,22,0.714712656,PIC01a
pOTU016_pOTU023,4,0.760817466,PIC01a
pOTU016_pOTU028,22,0.230414733,PIC01a
pOTU016_pOTU018,10,0.173007196,PIC01a
pOTU016_pOTU016,0,0,PIC01a
pOTU016_pOTU020,28,0.06671046,PIC01a
pOTU016_pOTU017,22,0.751370319,PIC01a
pOTU016_pOTU008,18,0.755964261,PIC01a
pOTU016_pOTU011,24,0.724439825,PIC01a
pOTU016_pOTU010,12,0.20442372,PIC01a
pOTU016_pOTU051,38,0,PIC01a
pOTU016_pOTU007,36,0.011859099,PIC01a
pOTU020_pOTU059,28,0.059441973,PIC01a
pOTU020_pOTU054,38,0.378400616,PIC01a
pOTU020_pOTU002,30,0.378880407,PIC01a
pOTU020_pOTU048,28,0.014888068,PIC01a
pOTU020_pOTU032,28,0.117383163,PIC01a
pOTU020_pOTU029,28,0.075187078,PIC01a
pOTU020_pOTU023,28,0.05218214,PIC01a
pOTU020_pOTU028,28,0.253118868,PIC01a
pOTU020_pOTU018,28,0.221280858,PIC01a
pOTU020_pOTU016,28,0.06671046,PIC01a
pOTU020_pOTU020,0,0,PIC01a
pOTU020_pOTU017,28,0.061513889,PIC01a
pOTU020_pOTU008,28,0.088599754,PIC01a
pOTU020_pOTU011,28,0.065100858,PIC01a
pOTU020_pOTU010,28,0.199979099,PIC01a
pOTU020_pOTU051,38,0.411967738,PIC01a
pOTU020_pOTU007,36,0.517230914,PIC01a
pOTU017_pOTU059,6,0.17430076,PIC01a
pOTU017_pOTU054,38,0.01722417,PIC01a
pOTU017_pOTU002,30,0.22873393,PIC01a
pOTU017_pOTU048,22,0.495203261,PIC01a
pOTU017_pOTU032,26,0.5269059,PIC01a
pOTU017_pOTU029,2,0.738726154,PIC01a
pOTU017_pOTU023,22,0.70601857,PIC01a
pOTU017_pOTU028,8,0.279351971,PIC01a
pOTU017_pOTU018,22,0.209938384,PIC01a
pOTU017_pOTU016,22,0.751370319,PIC01a
pOTU017_pOTU020,28,0.061513889,PIC01a
pOTU017_pOTU017,0,0,PIC01a
pOTU017_pOTU008,22,0.812908802,PIC01a
pOTU017_pOTU011,24,0.814258385,PIC01a
pOTU017_pOTU010,22,0.285545033,PIC01a
pOTU017_pOTU051,38,0,PIC01a
pOTU017_pOTU007,36,0.012167988,PIC01a
pOTU008_pOTU059,22,0.17870085,PIC01a
pOTU008_pOTU054,38,0.03160973,PIC01a
pOTU008_pOTU002,30,0.252913168,PIC01a
pOTU008_pOTU048,8,0.501872682,PIC01a
pOTU008_pOTU032,26,0.566793212,PIC01a
pOTU008_pOTU029,22,0.754971077,PIC01a
pOTU008_pOTU023,18,0.789279337,PIC01a
pOTU008_pOTU028,22,0.323443721,PIC01a
pOTU008_pOTU018,18,0.253256729,PIC01a
pOTU008_pOTU016,18,0.755964261,PIC01a
pOTU008_pOTU020,28,0.088599754,PIC01a
pOTU008_pOTU017,22,0.812908802,PIC01a
pOTU008_pOTU008,0,0,PIC01a
pOTU008_pOTU011,24,0.833561031,PIC01a
pOTU008_pOTU010,18,0.295039206,PIC01a
pOTU008_pOTU051,38,4.59E-11,PIC01a
pOTU008_pOTU007,36,0.014346245,PIC01a
pOTU011_pOTU059,24,0.200126384,PIC01a
pOTU011_pOTU054,38,0.023508023,PIC01a
pOTU011_pOTU002,30,0.237704563,PIC01a
pOTU011_pOTU048,24,0.576391188,PIC01a
pOTU011_pOTU032,26,0.5591804,PIC01a
pOTU011_pOTU029,24,0.751032553,PIC01a
pOTU011_pOTU023,24,0.77039049,PIC01a
pOTU011_pOTU028,24,0.29093301,PIC01a
pOTU011_pOTU018,24,0.214692004,PIC01a
pOTU011_pOTU016,24,0.724439825,PIC01a
pOTU011_pOTU020,28,0.065100858,PIC01a
pOTU011_pOTU017,24,0.814258385,PIC01a
pOTU011_pOTU008,24,0.833561031,PIC01a
pOTU011_pOTU011,0,0,PIC01a
pOTU011_pOTU010,24,0.290837155,PIC01a
pOTU011_pOTU051,38,0,PIC01a
pOTU011_pOTU007,36,0.012991271,PIC01a
pOTU010_pOTU059,22,0.37058492,PIC01a
pOTU010_pOTU054,38,0.046711842,PIC01a
pOTU010_pOTU002,30,0.37251923,PIC01a
pOTU010_pOTU048,18,0.138464172,PIC01a
pOTU010_pOTU032,26,0.557917085,PIC01a
pOTU010_pOTU029,22,0.235635189,PIC01a
pOTU010_pOTU023,12,0.18122589,PIC01a
pOTU010_pOTU028,22,0.648243492,PIC01a
pOTU010_pOTU018,12,0.5472632,PIC01a
pOTU010_pOTU016,12,0.20442372,PIC01a
pOTU010_pOTU020,28,0.199979099,PIC01a
pOTU010_pOTU017,22,0.285545033,PIC01a
pOTU010_pOTU008,18,0.295039206,PIC01a
pOTU010_pOTU011,24,0.290837155,PIC01a
pOTU010_pOTU010,0,0,PIC01a
pOTU010_pOTU051,38,0.000255967,PIC01a
pOTU010_pOTU007,36,0.032959707,PIC01a
pOTU051_pOTU059,38,0,PIC01a
pOTU051_pOTU054,2,0.80595595,PIC01a
pOTU051_pOTU002,38,0.272182334,PIC01a
pOTU051_pOTU048,38,0,PIC01a
pOTU051_pOTU032,38,4.49E-09,PIC01a
pOTU051_pOTU029,38,7.03E-11,PIC01a
pOTU051_pOTU023,38,0,PIC01a
pOTU051_pOTU028,38,9.04E-05,PIC01a
pOTU051_pOTU018,38,4.12E-05,PIC01a
pOTU051_pOTU016,38,0,PIC01a
pOTU051_pOTU020,38,0.411967738,PIC01a
pOTU051_pOTU017,38,0,PIC01a
pOTU051_pOTU008,38,4.59E-11,PIC01a
pOTU051_pOTU011,38,0,PIC01a
pOTU051_pOTU010,38,0.000255967,PIC01a
pOTU051_pOTU051,0,0,PIC01a
pOTU051_pOTU007,38,0.627596605,PIC01a
pOTU007_pOTU059,36,0.012316107,PIC01a
pOTU007_pOTU054,38,0.526228217,PIC01a
pOTU007_pOTU002,36,0.372643667,PIC01a
pOTU007_pOTU048,36,0.005317242,PIC01a
pOTU007_pOTU032,36,0.015244742,PIC01a
pOTU007_pOTU029,36,0.013177495,PIC01a
pOTU007_pOTU023,36,0.010704797,PIC01a
pOTU007_pOTU028,36,0.020873388,PIC01a
pOTU007_pOTU018,36,0.019507433,PIC01a
pOTU007_pOTU016,36,0.011859099,PIC01a
pOTU007_pOTU020,36,0.517230914,PIC01a
pOTU007_pOTU017,36,0.012167988,PIC01a
pOTU007_pOTU008,36,0.014346245,PIC01a
pOTU007_pOTU011,36,0.012991271,PIC01a
pOTU007_pOTU010,36,0.032959707,PIC01a
pOTU007_pOTU051,38,0.627596605,PIC01a
pOTU007_pOTU007,0,0,PIC01a
pOTU047_pOTU047,0,0,PIC01b
pOTU047_pOTU004,20,0.165305033,PIC01b
pOTU004_pOTU047,20,0.165305033,PIC01b
pOTU004_pOTU004,0,0,PIC01b
pOTU049_pOTU049,0,0,PIC01c
pOTU049_pOTU005,20,0.667932169,PIC01c
pOTU049_pOTU003,28,0.326954263,PIC01c
pOTU049_pOTU019,28,0.528193436,PIC01c
pOTU049_pOTU052,28,1.78E-06,PIC01c
pOTU049_pOTU009,28,0.075865675,PIC01c
pOTU005_pOTU049,20,0.667932169,PIC01c
pOTU005_pOTU005,0,0,PIC01c
pOTU005_pOTU003,28,0.370662411,PIC01c
pOTU005_pOTU019,28,0.66680519,PIC01c
pOTU005_pOTU052,28,0.005732425,PIC01c
pOTU005_pOTU009,28,0.131580987,PIC01c
pOTU003_pOTU049,28,0.326954263,PIC01c
pOTU003_pOTU005,28,0.370662411,PIC01c
pOTU003_pOTU003,0,0,PIC01c
pOTU003_pOTU019,14,0.29257101,PIC01c
pOTU003_pOTU052,20,0.001782081,PIC01c
pOTU003_pOTU009,20,0.163325099,PIC01c
pOTU019_pOTU049,28,0.528193436,PIC01c
pOTU019_pOTU005,28,0.66680519,PIC01c
pOTU019_pOTU003,14,0.29257101,PIC01c
pOTU019_pOTU019,0,0,PIC01c
pOTU019_pOTU052,20,0.000759873,PIC01c
pOTU019_pOTU009,20,0.095400749,PIC01c
pOTU052_pOTU049,28,1.78E-06,PIC01c
pOTU052_pOTU005,28,0.005732425,PIC01c
pOTU052_pOTU003,20,0.001782081,PIC01c
pOTU052_pOTU019,20,0.000759873,PIC01c
pOTU052_pOTU052,0,0,PIC01c
pOTU052_pOTU009,8,0.443568859,PIC01c
pOTU009_pOTU049,28,0.075865675,PIC01c
pOTU009_pOTU005,28,0.131580987,PIC01c
pOTU009_pOTU003,20,0.163325099,PIC01c
pOTU009_pOTU019,20,0.095400749,PIC01c
pOTU009_pOTU052,8,0.443568859,PIC01c
pOTU009_pOTU009,0,0,PIC01c
pOTU022_pOTU022,0,0,PIC02
pOTU022_pOTU043,16,0.43492155,PIC02
pOTU022_pOTU045,16,0.248018269,PIC02
pOTU022_pOTU044,34,0.271308939,PIC02
pOTU022_pOTU039,16,0.219700579,PIC02
pOTU022_pOTU034,44,0.391932778,PIC02
pOTU022_pOTU035,32,0.218358951,PIC02
pOTU022_pOTU033,32,0.352701653,PIC02
pOTU022_pOTU025,34,0.357293483,PIC02
pOTU022_pOTU026,26,0.418128496,PIC02
pOTU022_pOTU024,16,0.285478261,PIC02
pOTU022_pOTU014,40,0.146385263,PIC02
pOTU022_pOTU013,40,0.126032605,PIC02
pOTU022_pOTU006,16,0.017251158,PIC02
pOTU043_pOTU022,16,0.43492155,PIC02
pOTU043_pOTU043,0,0,PIC02
pOTU043_pOTU045,6,0.424400735,PIC02
pOTU043_pOTU044,34,0.45963969,PIC02
pOTU043_pOTU039,8,0.458626706,PIC02
pOTU043_pOTU034,44,0.57639482,PIC02
pOTU043_pOTU035,32,0.433067576,PIC02
pOTU043_pOTU033,32,0.63609628,PIC02
pOTU043_pOTU025,34,0.608558205,PIC02
pOTU043_pOTU026,26,0.579651557,PIC02
pOTU043_pOTU024,12,0.437698552,PIC02
pOTU043_pOTU014,40,0.012592751,PIC02
pOTU043_pOTU013,40,5.31E-05,PIC02
pOTU043_pOTU006,12,0.000755771,PIC02
pOTU045_pOTU022,16,0.248018269,PIC02
pOTU045_pOTU043,6,0.424400735,PIC02
pOTU045_pOTU045,0,0,PIC02
pOTU045_pOTU044,34,0.581297817,PIC02
pOTU045_pOTU039,8,0.359309476,PIC02
pOTU045_pOTU034,44,0.619400588,PIC02
pOTU045_pOTU035,32,0.333043691,PIC02
pOTU045_pOTU033,32,0.646951753,PIC02
pOTU045_pOTU025,34,0.6570938,PIC02
pOTU045_pOTU026,26,0.617919234,PIC02
pOTU045_pOTU024,12,0.678573353,PIC02
pOTU045_pOTU014,40,0.000518674,PIC02
pOTU045_pOTU013,40,0,PIC02
pOTU045_pOTU006,12,0.000755771,PIC02
pOTU044_pOTU022,34,0.271308939,PIC02
pOTU044_pOTU043,34,0.45963969,PIC02
pOTU044_pOTU045,34,0.581297817,PIC02
pOTU044_pOTU044,0,0,PIC02
pOTU044_pOTU039,34,0.461976032,PIC02
pOTU044_pOTU034,44,0.621329979,PIC02
pOTU044_pOTU035,34,0.424564821,PIC02
pOTU044_pOTU033,34,0.654292177,PIC02
pOTU044_pOTU025,12,0.57909786,PIC02
pOTU044_pOTU026,34,0.622924358,PIC02
pOTU044_pOTU024,34,0.48911489,PIC02
pOTU044_pOTU014,40,0.002295862,PIC02
pOTU044_pOTU013,40,1.59E-06,PIC02
pOTU044_pOTU006,34,0.000755771,PIC02
pOTU039_pOTU022,16,0.219700579,PIC02
pOTU039_pOTU043,8,0.458626706,PIC02
pOTU039_pOTU045,8,0.359309476,PIC02
pOTU039_pOTU044,34,0.461976032,PIC02
pOTU039_pOTU039,0,0,PIC02
pOTU039_pOTU034,44,0.539436991,PIC02
pOTU039_pOTU035,32,0.80987979,PIC02
pOTU039_pOTU033,32,0.636975087,PIC02
pOTU039_pOTU025,34,0.480545683,PIC02
pOTU039_pOTU026,26,0.565005128,PIC02
pOTU039_pOTU024,12,0.26297242,PIC02
pOTU039_pOTU014,40,0.004899162,PIC02
pOTU039_pOTU013,40,2.34E-06,PIC02
pOTU039_pOTU006,12,0.000755771,PIC02
pOTU034_pOTU022,44,0.391932778,PIC02
pOTU034_pOTU043,44,0.57639482,PIC02
pOTU034_pOTU045,44,0.619400588,PIC02
pOTU034_pOTU044,44,0.621329979,PIC02
pOTU034_pOTU039,44,0.539436991,PIC02
pOTU034_pOTU034,0,0,PIC02
pOTU034_pOTU035,44,0.524055082,PIC02
pOTU034_pOTU033,44,0.808698648,PIC02
pOTU034_pOTU025,44,0.744558253,PIC02
pOTU034_pOTU026,44,0.826606822,PIC02
pOTU034_pOTU024,44,0.581717926,PIC02
pOTU034_pOTU014,44,0.01679151,PIC02
pOTU034_pOTU013,44,0.001029842,PIC02
pOTU034_pOTU006,44,0.000755795,PIC02
pOTU035_pOTU022,32,0.218358951,PIC02
pOTU035_pOTU043,32,0.433067576,PIC02
pOTU035_pOTU045,32,0.333043691,PIC02
pOTU035_pOTU044,34,0.424564821,PIC02
pOTU035_pOTU039,32,0.80987979,PIC02
pOTU035_pOTU034,44,0.524055082,PIC02
pOTU035_pOTU035,0,0,PIC02
pOTU035_pOTU033,2,0.601181266,PIC02
pOTU035_pOTU025,34,0.473866083,PIC02
pOTU035_pOTU026,32,0.558950001,PIC02
pOTU035_pOTU024,32,0.242767388,PIC02
pOTU035_pOTU014,40,0.006761757,PIC02
pOTU035_pOTU013,40,2.09E-08,PIC02
pOTU035_pOTU006,32,0.000606413,PIC02
pOTU033_pOTU022,32,0.352701653,PIC02
pOTU033_pOTU043,32,0.63609628,PIC02
pOTU033_pOTU045,32,0.646951753,PIC02
pOTU033_pOTU044,34,0.654292177,PIC02
pOTU033_pOTU039,32,0.636975087,PIC02
pOTU033_pOTU034,44,0.808698648,PIC02
pOTU033_pOTU035,2,0.601181266,PIC02
pOTU033_pOTU033,0,0,PIC02
pOTU033_pOTU025,34,0.785952311,PIC02
pOTU033_pOTU026,32,0.815107414,PIC02
pOTU033_pOTU024,32,0.581675422,PIC02
pOTU033_pOTU014,40,0.008435022,PIC02
pOTU033_pOTU013,40,0.001388094,PIC02
pOTU033_pOTU006,32,0.000755771,PIC02
pOTU025_pOTU022,34,0.357293483,PIC02
pOTU025_pOTU043,34,0.608558205,PIC02
pOTU025_pOTU045,34,0.6570938,PIC02
pOTU025_pOTU044,12,0.57909786,PIC02
pOTU025_pOTU039,34,0.480545683,PIC02
pOTU025_pOTU034,44,0.744558253,PIC02
pOTU025_pOTU035,34,0.473866083,PIC02
pOTU025_pOTU033,34,0.785952311,PIC02
pOTU025_pOTU025,0,0,PIC02
pOTU025_pOTU026,34,0.746601871,PIC02
pOTU025_pOTU024,34,0.725401114,PIC02
pOTU025_pOTU014,40,0.006096147,PIC02
pOTU025_pOTU013,40,6.16E-05,PIC02
pOTU025_pOTU006,34,0.000755771,PIC02
pOTU026_pOTU022,26,0.418128496,PIC02
pOTU026_pOTU043,26,0.579651557,PIC02
pOTU026_pOTU045,26,0.617919234,PIC02
pOTU026_pOTU044,34,0.622924358,PIC02
pOTU026_pOTU039,26,0.565005128,PIC02
pOTU026_pOTU034,44,0.826606822,PIC02
pOTU026_pOTU035,32,0.558950001,PIC02
pOTU026_pOTU033,32,0.815107414,PIC02
pOTU026_pOTU025,34,0.746601871,PIC02
pOTU026_pOTU026,0,0,PIC02
pOTU026_pOTU024,26,0.530768188,PIC02
pOTU026_pOTU014,40,0.01250429,PIC02
pOTU026_pOTU013,40,0.039065324,PIC02
pOTU026_pOTU006,26,0.007788561,PIC02
pOTU024_pOTU022,16,0.285478261,PIC02
pOTU024_pOTU043,12,0.437698552,PIC02
pOTU024_pOTU045,12,0.678573353,PIC02
pOTU024_pOTU044,34,0.48911489,PIC02
pOTU024_pOTU039,12,0.26297242,PIC02
pOTU024_pOTU034,44,0.581717926,PIC02
pOTU024_pOTU035,32,0.242767388,PIC02
pOTU024_pOTU033,32,0.581675422,PIC02
pOTU024_pOTU025,34,0.725401114,PIC02
pOTU024_pOTU026,26,0.530768188,PIC02
pOTU024_pOTU024,0,0,PIC02
pOTU024_pOTU014,40,0.006158101,PIC02
pOTU024_pOTU013,40,0.001319345,PIC02
pOTU024_pOTU006,6,0.000755771,PIC02
pOTU014_pOTU022,40,0.146385263,PIC02
pOTU014_pOTU043,40,0.012592751,PIC02
pOTU014_pOTU045,40,0.000518674,PIC02
pOTU014_pOTU044,40,0.002295862,PIC02
pOTU014_pOTU039,40,0.004899162,PIC02
pOTU014_pOTU034,44,0.01679151,PIC02
pOTU014_pOTU035,40,0.006761757,PIC02
pOTU014_pOTU033,40,0.008435022,PIC02
pOTU014_pOTU025,40,0.006096147,PIC02
pOTU014_pOTU026,40,0.01250429,PIC02
pOTU014_pOTU024,40,0.006158101,PIC02
pOTU014_pOTU014,0,0,PIC02
pOTU014_pOTU013,8,0.004114236,PIC02
pOTU014_pOTU006,40,0.00075569,PIC02
pOTU013_pOTU022,40,0.126032605,PIC02
pOTU013_pOTU043,40,5.31E-05,PIC02
pOTU013_pOTU045,40,0,PIC02
pOTU013_pOTU044,40,1.59E-06,PIC02
pOTU013_pOTU039,40,2.34E-06,PIC02
pOTU013_pOTU034,44,0.001029842,PIC02
pOTU013_pOTU035,40,2.09E-08,PIC02
pOTU013_pOTU033,40,0.001388094,PIC02
pOTU013_pOTU025,40,6.16E-05,PIC02
pOTU013_pOTU026,40,0.039065324,PIC02
pOTU013_pOTU024,40,0.001319345,PIC02
pOTU013_pOTU014,8,0.004114236,PIC02
pOTU013_pOTU013,0,0,PIC02
pOTU013_pOTU006,40,0.368174732,PIC02
pOTU006_pOTU022,16,0.017251158,PIC02
pOTU006_pOTU043,12,0.000755771,PIC02
pOTU006_pOTU045,12,0.000755771,PIC02
pOTU006_pOTU044,34,0.000755771,PIC02
pOTU006_pOTU039,12,0.000755771,PIC02
pOTU006_pOTU034,44,0.000755795,PIC02
pOTU006_pOTU035,32,0.000606413,PIC02
pOTU006_pOTU033,32,0.000755771,PIC02
pOTU006_pOTU025,34,0.000755771,PIC02
pOTU006_pOTU026,26,0.007788561,PIC02
pOTU006_pOTU024,6,0.000755771,PIC02
pOTU006_pOTU014,40,0.00075569,PIC02
pOTU006_pOTU013,40,0.368174732,PIC02
pOTU006_pOTU006,0,0,PIC02
pOTU036_pOTU036,0,0,PIC03
pOTU036_pOTU021,16,0.06451383,PIC03
pOTU036_pOTU030,18,0.452918482,PIC03
pOTU036_pOTU037,14,0.078832963,PIC03
pOTU036_pOTU031,18,0.394796943,PIC03
pOTU036_pOTU015,18,0.095504119,PIC03
pOTU036_pOTU012,14,0.435675888,PIC03
pOTU036_pOTU001,16,0.57877867,PIC03
pOTU021_pOTU036,16,0.06451383,PIC03
pOTU021_pOTU021,0,0,PIC03
pOTU021_pOTU030,18,0.055342033,PIC03
pOTU021_pOTU037,16,0.002450798,PIC03
pOTU021_pOTU031,18,0.007151858,PIC03
pOTU021_pOTU015,18,0.003639352,PIC03
pOTU021_pOTU012,16,0.004825422,PIC03
pOTU021_pOTU001,12,0.023306251,PIC03
pOTU030_pOTU036,18,0.452918482,PIC03
pOTU030_pOTU021,18,0.055342033,PIC03
pOTU030_pOTU030,0,0,PIC03
pOTU030_pOTU037,18,0.001289681,PIC03
pOTU030_pOTU031,8,0.577822882,PIC03
pOTU030_pOTU015,4,0.002291119,PIC03
pOTU030_pOTU012,18,0.654565851,PIC03
pOTU030_pOTU001,18,0.311611476,PIC03
pOTU037_pOTU036,14,0.078832963,PIC03
pOTU037_pOTU021,16,0.002450798,PIC03
pOTU037_pOTU030,18,0.001289681,PIC03
pOTU037_pOTU037,0,0,PIC03
pOTU037_pOTU031,18,0.007092755,PIC03
pOTU037_pOTU015,18,0.847312786,PIC03
pOTU037_pOTU012,12,0.042726638,PIC03
pOTU037_pOTU001,16,0.179835768,PIC03
pOTU031_pOTU036,18,0.394796943,PIC03
pOTU031_pOTU021,18,0.007151858,PIC03
pOTU031_pOTU030,8,0.577822882,PIC03
pOTU031_pOTU037,18,0.007092755,PIC03
pOTU031_pOTU031,0,0,PIC03
pOTU031_pOTU015,8,0.006999151,PIC03
pOTU031_pOTU012,18,0.733848341,PIC03
pOTU031_pOTU001,18,0.466436332,PIC03
pOTU015_pOTU036,18,0.095504119,PIC03
pOTU015_pOTU021,18,0.003639352,PIC03
pOTU015_pOTU030,4,0.002291119,PIC03
pOTU015_pOTU037,18,0.847312786,PIC03
pOTU015_pOTU031,8,0.006999151,PIC03
pOTU015_pOTU015,0,0,PIC03
pOTU015_pOTU012,18,0.042477135,PIC03
pOTU015_pOTU001,18,0.192226012,PIC03
pOTU012_pOTU036,14,0.435675888,PIC03
pOTU012_pOTU021,16,0.004825422,PIC03
pOTU012_pOTU030,18,0.654565851,PIC03
pOTU012_pOTU037,12,0.042726638,PIC03
pOTU012_pOTU031,18,0.733848341,PIC03
pOTU012_pOTU015,18,0.042477135,PIC03
pOTU012_pOTU012,0,0,PIC03
pOTU012_pOTU001,16,0.430665444,PIC03
pOTU001_pOTU036,16,0.57877867,PIC03
pOTU001_pOTU021,12,0.023306251,PIC03
pOTU001_pOTU030,18,0.311611476,PIC03
pOTU001_pOTU037,16,0.179835768,PIC03
pOTU001_pOTU031,18,0.466436332,PIC03
pOTU001_pOTU015,18,0.192226012,PIC03
pOTU001_pOTU012,16,0.430665444,PIC03
pOTU001_pOTU001,0,0,PIC03
pOTU046_pOTU046,0,0,PIC05
pOTU046_pOTU041,12,0.719389934,PIC05
pOTU046_pOTU042,12,0.710180098,PIC05
pOTU046_pOTU038,10,0.704943045,PIC05
pOTU046_pOTU027,8,0.732672998,PIC05
pOTU041_pOTU046,12,0.719389934,PIC05
pOTU041_pOTU041,0,0,PIC05
pOTU041_pOTU042,2,0.694680718,PIC05
pOTU041_pOTU038,12,0.799394262,PIC05
pOTU041_pOTU027,12,0.833228062,PIC05
pOTU042_pOTU046,12,0.710180098,PIC05
pOTU042_pOTU041,2,0.694680718,PIC05
pOTU042_pOTU042,0,0,PIC05
pOTU042_pOTU038,12,0.657286298,PIC05
pOTU042_pOTU027,12,0.707055108,PIC05
pOTU038_pOTU046,10,0.704943045,PIC05
pOTU038_pOTU041,12,0.799394262,PIC05
pOTU038_pOTU042,12,0.657286298,PIC05
pOTU038_pOTU038,0,0,PIC05
pOTU038_pOTU027,10,0.779601591,PIC05
pOTU027_pOTU046,8,0.732672998,PIC05
pOTU027_pOTU041,12,0.833228062,PIC05
pOTU027_pOTU042,12,0.707055108,PIC05
pOTU027_pOTU038,10,0.779601591,PIC05
pOTU027_pOTU027,0,0,PIC05